name,age,street,city,state,postcode,longitude,latitude
Shannon Trevino,72,1832 Sandra Common Apt. 456,New Lisa,Arkansas,24449,-83.895515,15.057053
Brian Hill,53,8591 Brandon Via Suite 896,Castillobury,Wyoming,68474,-74.882421,-52.6726065
Melissa Johnston,69,338 Daniel Lodge Suite 244,Kimberlyborough,Arkansas,16468,81.887105,-34.8203465
Thomas Baker,73,28269 James Island,Lake Danielle,Montana,99005,137.129730,78.188108
Jaime Jennings,23,313 Sims Centers,Alexisville,Colorado,70717,-157.857254,-67.9606065
Brian Lopez,33,109 Burke Island Suite 031,New Leonfurt,Ohio,05784,121.693447,5.2741445
Beth Jefferson,73,63429 Randall Way,Brianchester,Georgia,40604,74.825232,9.439982
Jeffery Johnson,69,60813 Brian Circle Suite 397,Seanville,Kansas,91123,-146.576999,-35.197123
Kimberly Mullen,30,3810 Fletcher Pines,Millerton,Michigan,65110,-157.838713,35.285482
Arthur Mathis,59,63087 Yolanda Pines,Port Seanview,Ohio,40280,-49.485254,-57.360945
Daniel Bernard,57,720 Rodriguez Falls Apt. 180,Johnsonfurt,Texas,74080,107.848658,2.2559755
Melinda Martin,50,11896 Robert Views,South Evelyn,Louisiana,56804,118.599408,-67.006082
Raymond Mckinney,21,217 Madison Parks Apt. 228,Barkerville,Nevada,34651,47.238651,-49.5858685
Stephanie Trevino,69,3635 Soto Plaza Suite 231,North Lisaton,New Hampshire,75588,-80.133570,-80.673433
Amber Young,47,405 Davis Fort Apt. 958,Port Brendaview,Iowa,08810,-60.967986,-43.8796205
Juan Gonzalez,79,2110 Larson Court Apt. 647,Davidsonborough,California,61443,-47.493229,0.8919575
Steven Torres,46,1746 Anthony Terrace,East Brandyview,Missouri,90522,11.645352,-0.8065415
William Hudson,65,79875 Tanya Ways,Robertsview,Colorado,90927,94.154902,-50.731079
Stacey Garza,74,642 John Shores,South Andrewville,Maine,45465,-70.587044,15.7250915
Danielle Cook,25,06354 Wood Burg Suite 070,West Joshuaside,Idaho,79411,-5.402297,-25.0091345
Nicholas Molina,75,38135 Santiago Common,South Steven,Washington,96017,-103.216951,46.109401
Nicole Proctor,37,5056 Jason Terrace Apt. 893,Andrewstad,Louisiana,28515,81.464166,-6.9278545
Jennifer Price,37,109 Lindsay Forge Suite 935,Thompsonmouth,Alabama,73729,81.945402,-61.0522595
Robert Campos,25,0190 Holloway Fort,Lauraburgh,Montana,45135,127.710467,54.9300185
Nancy Pearson,50,47243 Christian Mountain Apt. 926,Johnton,North Carolina,51102,-37.721985,31.626149
Manuel Williams,38,6462 Freeman Haven,Yvonneville,Texas,24306,-166.174918,-87.5014255
Janet Hayes,27,017 Scott Spurs Apt. 155,East Michaelberg,Connecticut,67088,-49.099404,-84.051653
Samuel Meyer,21,654 Keith Centers Apt. 609,East Michaelville,Oregon,50585,-158.124567,89.4676085
Nicholas Ryan,65,0014 Mark Passage,New Gabrielle,Wyoming,24225,-66.719591,-68.2707965
Andrew Lin,79,6800 Taylor Rapid Suite 404,West Tylerhaven,Minnesota,87266,63.690170,9.826625
Vanessa Young,75,488 Sara Fort,Wandaton,Pennsylvania,90000,13.841520,-52.4787445
Kristie Clark,60,5274 Hogan Plaza Suite 674,Kennethchester,Ohio,90754,97.845516,-6.657697
Samantha Hunt,74,40155 Lynch Square Suite 090,Whitakerburgh,South Dakota,66057,65.700206,-33.080496
Beth Hudson,68,6771 Rodriguez Extensions Suite 875,Port Alexandramouth,Illinois,97050,-79.494643,69.434099
Joseph Hardy,63,80543 Wright Club,Port Stephenport,South Carolina,24479,-61.159576,63.537581
Shannon Gray,76,893 Jody Vista Suite 172,West Saraville,Rhode Island,60629,-27.832131,-54.847843
Joseph Hernandez,44,14190 Johnson Pike Apt. 738,Tinabury,Missouri,49975,16.073962,-45.788220
Michael Blackwell,61,37769 Tracie Rapid,Davidburgh,Arkansas,87334,152.317179,25.007942
Amy Hopkins,41,770 Pamela Curve,Adamtown,Georgia,80118,-32.147853,84.8574175
Stephen Robertson,30,86974 Garza Prairie,Villanuevatown,Arizona,64369,-120.991895,-85.804797
Michael Mueller,19,0275 Kane Crescent Apt. 433,South Tammy,Michigan,80801,-161.972553,-79.8786985
Emma Robinson,39,26183 Hoover Ford,Collinsland,Michigan,98915,-130.640167,10.780481
Andrew Bailey,64,889 Hudson Valleys Apt. 785,New Haroldstad,Hawaii,69131,-105.069923,34.774157
Tom Rivers,57,97468 Vanessa Route,West Jenniferstad,New Hampshire,07255,-35.325619,6.160012
Benjamin Rose,39,199 Caleb Grove,Garzaborough,South Dakota,98859,30.981622,4.9712385
Michael Wright,65,942 Sierra Crossroad,North Derrick,Indiana,39929,-129.715898,-80.824076
Paul Wheeler,80,307 Lisa Mall,Travisstad,West Virginia,90426,-66.150375,17.656207
Nicole Hammond,68,9276 Gail Spurs Apt. 790,New Thomasshire,Idaho,30172,163.253173,-23.6598935
Peter Spencer,56,12206 Mario Stravenue Apt. 434,Gabrielaland,Michigan,67306,170.498937,-2.721464
Joseph Wilson,29,1904 Jonathan Bridge,North Jacob,California,92159,-67.983768,-67.5541865
Patrick Walters,33,9950 Crystal Lake Apt. 211,South Codyberg,Alabama,25899,-121.459135,80.5520165
Gwendolyn Cabrera,64,395 Snyder Forks Suite 651,Andrewbury,Texas,88432,65.507799,59.274640
Tracy Ashley,27,706 Mullins Garden,East Wandastad,Maryland,68100,-146.337783,-57.926959
Marco Zamora,28,974 Garcia Fork,Carmenfort,Louisiana,75862,146.577398,-80.0901135
Rebecca Oconnor,39,67912 Jessica Land Apt. 564,New Joseph,Wisconsin,49889,-97.796951,58.3174295
Miranda Lara,31,55398 John Roads Apt. 222,Santiagofurt,Florida,28002,100.519352,73.009000
Lisa Parker,80,06136 Colon Port,North Alejandro,New Hampshire,11125,168.090567,37.8873415
Ronnie Hughes,55,911 Danielle Parkways Apt. 049,Port Jenniferfurt,Alaska,31475,-133.997738,-11.232039
Joshua Jones,56,5427 Joan Port Apt. 227,Garyborough,Oregon,10308,-0.492578,-41.924398
Charles Perkins,36,77705 Gordon Square Apt. 770,Kellyton,Missouri,46889,172.059330,62.273254
Patricia Williams,19,846 Sean Island,Wheelerhaven,New York,58820,167.374435,43.553903
Angela Boone,48,560 Miller Burg Suite 046,Waltontown,Nebraska,63979,70.875482,66.7820745
Brad Thompson,26,31394 Collier Gardens,Port Garyside,Rhode Island,65656,5.457498,-45.8381565
Austin Pearson,28,143 Latoya Wells Apt. 736,North Laura,Delaware,38911,176.114105,-70.220563
Megan Conner,79,953 John Square Suite 400,New Mitchell,New Jersey,04543,103.381753,-49.344926
Jason King,46,2608 Angela Camp Apt. 752,South Lorimouth,Nebraska,95521,47.950894,40.704834
Amanda Moore,49,2846 Heather Stream Suite 631,Riddlestad,Texas,30224,39.484581,-43.061848
Wendy Barry,35,784 Farmer Harbor,Adamland,Maryland,80666,116.569039,61.880143
Connie Galvan,33,879 Curtis Radial,Lake Margaretton,Michigan,90102,30.430542,6.6681805
Toni Riley,35,02257 Morales Lock Suite 540,East Sueton,Illinois,27094,-19.334873,-69.321920
Ethan Long,57,743 Cherry Glens,Lake Christophermouth,New Jersey,15047,6.009892,-52.320559
Kenneth Becker,29,88602 Samantha Lake Apt. 174,Murrayport,Louisiana,75530,-18.635300,0.8076935
Amy Gonzales,66,033 Leonard Run,East Ruben,Montana,21067,-35.877560,29.8332825
Martha Kelley,61,791 Anthony Track,Susanland,Alabama,31996,78.418580,-15.8855835
Thomas Hutchinson,63,76848 Jason Orchard,Diazside,New Jersey,71693,50.699561,38.703048
Anthony Smith,33,3959 Malone Point,Corytown,Oklahoma,74618,25.192600,-36.0934215
Dr. Kristen Williams,53,7936 Matthew Stravenue,New Josefort,New Jersey,00768,-97.811986,-82.7958125
Derrick Hoover,77,5411 Bryan Land,Riveratown,Utah,13257,-41.709781,-31.190815
Susan Phillips,27,41846 Matthew Landing Apt. 842,Simsburgh,Massachusetts,72763,120.063887,-48.4355545
Amy Hernandez,56,79160 Mooney Center,New Stephaniehaven,Michigan,95678,-51.955946,27.547958
William Phillips,41,482 Anita Radial,West Kristen,Maine,36262,170.493357,18.5607935
Corey Collins,33,3712 Denise Hollow Apt. 732,Lake Edwardfurt,Louisiana,78946,-49.155522,62.8074825
James Wheeler,37,97795 Keller Ferry Apt. 857,Port Mark,Arkansas,83700,-62.689474,21.7231255
Nathaniel Jennings,34,62368 Watts Heights Apt. 508,South Karenport,Vermont,34690,87.487327,28.376791
Allison Williams,57,4307 Veronica Knolls Apt. 110,Justinstad,Idaho,54346,79.609196,-15.7215325
Johnny Miller,78,592 Joseph Locks Apt. 664,Heatherview,Nebraska,82649,126.711882,8.7781955
Debra Lam,64,75506 Morris Loaf,Hodgestown,Pennsylvania,56487,9.668604,76.7776025
Allison Williams,37,71913 Clayton Falls,Gutierrezfort,North Dakota,06246,-109.772140,70.382248
Thomas Keith,24,34882 Sharon Motorway Apt. 964,Stevenland,Alaska,96771,-142.442493,83.300978
Leslie Little,36,448 Peters Road Apt. 303,South Michael,Rhode Island,97364,-53.319696,-48.062440
Monique Rodriguez,30,914 Lucas Spurs Suite 860,Port Zacharyview,New Mexico,95814,-109.978961,53.6571045
Mark Graham,67,3683 Shane Vista,South Jillian,New York,28578,-177.923370,8.1427865
Samuel Perez,64,1867 Tara Meadows Apt. 582,South Heather,Mississippi,33431,142.699455,-0.838263
Penny Smith,77,91767 Horton Locks,North Margaretport,Colorado,05903,-105.563906,-29.822260
Nicholas Walker,67,918 Johnson Highway Suite 205,Port Samantha,Mississippi,36667,-148.546641,25.3416335
Jennifer Franklin,54,408 Wong Way,Robertmouth,Michigan,31000,-22.639056,43.7944075
Katherine Thompson,68,1403 Madison Parks,Lyonsstad,Wyoming,38653,83.146997,-47.098390
Patricia Li,54,77493 Rubio View,North Audreyview,Maryland,02341,119.446663,-44.974556
Caitlin Wise,39,270 Green Key,Doughertyfort,Oklahoma,08024,-154.567091,74.3180265
Christopher White,25,6198 Holly Estates,Brianstad,New Jersey,28899,-100.454606,18.4867795
Chase Graham,53,62320 Katrina Lane,New Michael,Maryland,05177,-90.060225,71.1414045
Jeff Smith,79,4669 Green Cliffs,Hoport,Rhode Island,65914,-124.321480,80.9162475
Andre Morgan,36,689 Paula Skyway,New Christine,Minnesota,02368,-134.860404,63.557226
Eric Green,64,34413 Barbara Crossing,Huffmouth,Texas,34656,-32.521937,19.1345915
Amanda Huber,49,97702 Rivera Springs,Jasontown,Wyoming,17009,-138.690834,-67.0984245
Kenneth James,30,2957 James Harbor,Martinezview,Virginia,78489,-61.111567,81.8180455
Melanie Perry,69,7370 Bowen Bridge Apt. 471,Cookeborough,California,61132,88.652977,-68.7196675
Peter Lozano,30,475 Deborah Street,North Melanie,Michigan,53076,-117.247766,-74.281623
Tyler Patel,37,8118 Rangel Islands Suite 851,Elizabethstad,New Hampshire,79888,69.576564,-84.3154015
Corey Harris,41,39395 Valenzuela Springs Suite 448,Port Lisa,Virginia,56044,-13.809652,35.805294
Misty Andrews,46,662 Cook Hills Apt. 940,Paulburgh,Massachusetts,91947,-54.820995,66.6915345
Kaitlyn Michael,27,543 Mark Cape,Karaview,Kentucky,92876,159.606414,51.967392
Charles Welch,50,2801 Walker Islands Suite 434,North Dominicborough,Montana,73665,139.350424,-11.940873
Jose Jones,27,9213 Barbara Row Suite 598,New Christopherview,Ohio,67655,129.068261,13.1808635
Jason Weaver,62,5277 Gutierrez Route Apt. 032,Bonillafurt,Utah,84458,43.946793,46.9021525
Ashley Johnson,20,64702 Walton Centers Apt. 219,South Maria,Massachusetts,88526,22.132260,-5.5648195
Sean Gibson,59,169 Williams Lake Suite 036,Dickersonmouth,Idaho,33625,2.138925,-53.791900
Jason Alvarez,29,15456 Steven Highway,Mikebury,New Hampshire,97325,7.397498,-89.228618
Christopher Cohen,36,293 Amber Tunnel Suite 320,New Stephanie,Florida,95448,156.785578,-69.302298
Harry Ramirez,77,120 Kelsey Street Apt. 845,Charlesport,Minnesota,13997,-80.393767,-61.869034
Sean Villarreal,22,7273 Barr Via Suite 142,Lisaview,Iowa,59935,-20.002337,-58.306897
Ryan Henry,68,30922 Jeffrey Expressway,West Juan,Idaho,69719,40.740325,-43.814960
Wendy Bowman,39,30983 Mason Meadow Suite 918,North Emily,New Hampshire,04767,-67.507767,-83.2896835
Gary Williamson,55,3862 Schmidt Dale Suite 557,New Chad,Louisiana,98367,161.403939,-62.0765815
Charles Gray,74,149 Miller Views,South Tinabury,West Virginia,85371,-134.970066,23.365545
Tracy Phillips,35,8023 Lori Wall Suite 902,New Brenda,Texas,10414,169.388478,16.2655435
Justin Jones,57,53505 Connie Green Suite 489,East Jennifer,Kentucky,82097,-79.220483,-86.7313605
Jessica Jones,67,58629 Stephanie Summit Suite 054,Guerreroport,Tennessee,03737,71.483110,-9.4108985
Wendy Romero,33,3974 Phillips Parkway,Bennettland,Delaware,04669,19.316756,34.117699
Amanda Hernandez,24,672 Robin Mountain Apt. 035,New Julieville,Nevada,24508,38.722153,-17.633456
Lisa Parker,63,46965 Livingston Springs Apt. 312,Port James,Iowa,12547,1.113515,40.3318755
John Charles,73,13362 Parks View,North Joyceburgh,Mississippi,53425,-128.341585,11.9689705
Benjamin Pearson,21,6264 Elizabeth Place Suite 552,Port Alexanderborough,Idaho,64970,108.091283,64.125463
Jaime Cannon,80,906 Cooper Underpass Apt. 714,Port Brent,Tennessee,55053,-136.710623,9.679083
Melanie Scott,35,330 Thomas Well,Parsonsbury,Arkansas,46585,-41.093669,67.952175
Mark Mcconnell,74,657 Sean Crest,Port Aaronhaven,Kentucky,08438,4.584314,-65.8438555
William Martin,41,88331 Bobby Station Suite 048,East Christopher,Wyoming,40142,62.266009,26.665624
Brandi Leonard,31,1464 Kristen Alley,Lake Anthony,New Jersey,64027,62.409309,84.146618
Ann Smith,40,323 Kennedy Branch,West Daniel,Iowa,86675,56.172615,-10.3537155
Kevin Miller,23,753 Nicholas Junction,Port Tammy,Michigan,57073,-168.300134,14.0432535
Patricia Roy,49,4361 Mary Knoll,Port Cynthiamouth,South Dakota,36754,-155.814157,14.369221
Leslie Diaz,64,65031 Gordon Pass Suite 774,Elizabethville,South Dakota,91665,-108.041578,17.5125165
Jeff Myers,28,50502 Fernandez Union Suite 124,Jacksonland,Hawaii,10672,-78.374992,87.6673885
Tiffany Perkins,28,00639 Bradley Knolls,Port Diane,North Dakota,90326,-111.045107,23.191688
Amber York,65,9918 Winters Green,Lake Tracy,Vermont,85611,50.938953,-4.482958
William Mccall,71,87304 Ralph Mills,Charlesville,New Hampshire,58403,77.235561,-86.4237275
Rachel Reyes,57,71705 James Extension Suite 628,Pinedashire,Minnesota,71302,130.950535,21.5278415
Sandra Montgomery PhD,79,579 Hood Plains Suite 422,South Tara,Florida,27612,-102.946401,84.2409515
Kimberly Brown,37,573 Samantha Glen,Warrenport,Arizona,24214,54.818334,-57.962980
Richard Joseph,66,46037 Karen Oval Suite 374,Josephberg,Wyoming,95722,-92.116217,-76.280770
Jennifer Figueroa,39,833 Hahn Forest Apt. 747,Catherinemouth,Wisconsin,28107,-44.163246,-25.504494
Monica Vega,51,7066 Curtis Estates Apt. 369,North Jessicaport,Iowa,05358,87.179200,-82.1552405
Ryan Moore,70,4849 Williams Radial,Frankville,Michigan,37078,-42.602468,44.804107
Joshua Dyer,36,43882 Charles Rest,South Danielland,Hawaii,37981,-12.644468,43.4139355
Christopher Wheeler,28,8186 Harvey Fall,New Briannafurt,Washington,03169,178.163397,50.900887
Michele Johnson,19,518 Meyer Orchard,Hammondtown,Michigan,07629,-139.088682,-48.9785445
Allison Reid,75,05594 Lewis Dale,South Kristintown,Missouri,99087,-157.142742,-81.4339845
Andrea Harrington,52,997 Becker Flat Apt. 966,Lisaside,North Dakota,97677,-85.352611,-66.860396
Brian Quinn DDS,38,28743 Wilson Well Suite 027,Wyattstad,Iowa,21916,91.789596,-38.879628
Alyssa Adams,21,24124 Ryan Vista,New Amandaberg,Massachusetts,75590,38.140174,56.337170
Amanda Mccoy,38,2352 Kimberly Common Suite 091,West Davidmouth,Montana,46184,5.381240,27.315583
Thomas Martin,30,46856 David Streets Suite 455,Dianastad,Nevada,67067,-103.133045,40.769452
Bobby Anthony,76,127 Krueger Plain Suite 167,Jamesfurt,Hawaii,16431,-120.645632,-24.3834025
Shannon Miller,57,212 David Fords Apt. 916,Jennifermouth,Delaware,09803,103.065368,8.5818185
Seth Choi,63,067 Kaiser Camp,Lake Coreyhaven,Illinois,60248,77.854890,29.9946505
Mark Lee,63,9011 Greene Port,West Michaelmouth,Missouri,26858,109.256331,-81.0541915
Matthew Underwood,34,53470 Welch Tunnel,Philliptown,Oklahoma,13744,-139.385439,-82.074842
Gregg Wilson,40,375 Jessica Groves,East Nathanside,Alaska,17995,-36.492372,-66.859958
Daniel Dixon,64,66780 Ross Coves Apt. 100,Port Leonardburgh,West Virginia,82146,47.789555,8.4879935
Randall Odom III,48,5788 Johnny Isle Suite 596,Michaelchester,Indiana,86826,145.645249,30.897853
Ashley Williams,47,0173 Alexis Avenue Apt. 678,West Williammouth,Idaho,49742,-92.186713,35.420624
Christina Logan DDS,46,482 Shawn Ports,Lake Zachary,Colorado,62707,-166.744187,78.2473155
Miranda Mosley,58,7475 Rogers Plain Apt. 704,Jacksonburgh,Louisiana,99586,-157.586804,55.126758
Katherine Miller,51,3207 Patel Valleys Suite 505,West Kellyfort,Delaware,49165,-151.286110,-35.4863125
Kevin Duncan,80,439 Jordan Lodge Apt. 041,New Christopherberg,Kansas,58445,124.459281,-56.173648
Christina Greene,50,32074 Jessica Villages,Shannonhaven,New Jersey,80182,-82.257547,79.967359
Eric Delgado,77,82890 Wong Drive Suite 514,Dayburgh,Rhode Island,97280,30.949247,34.385765
William Harper,39,506 Clements Throughway,Markville,Alabama,44439,47.360248,-52.3172725
Joe Willis,39,8860 Alyssa Alley Apt. 360,Obrienland,Massachusetts,04136,68.933801,-33.727564
David Stewart,55,7732 Fox Parkways Apt. 181,Lake Jamesshire,Missouri,09820,-172.757665,-84.1739095
Jeffrey Rojas,78,0581 Linda Village Suite 184,Campbellshire,Rhode Island,78387,-51.659707,75.8790275
Raymond Stephenson,39,688 Jonathan Field,Willieborough,North Dakota,03973,-89.141728,-89.1005705
Joshua Estrada,49,653 Ashley Shore Apt. 992,Alanmouth,Maine,03292,-156.305061,7.179364
Stephen Welch,65,08558 Rodriguez Road,Millerborough,South Dakota,81782,-86.723822,-73.395303
Kelly Schultz,50,40880 Clark Expressway Suite 095,Port Laurashire,Ohio,06211,63.995012,59.633352
Victoria Cook,43,7538 Tina Forest Suite 333,Lake Cameron,Missouri,06938,132.026093,-84.890816
Kevin Mccarthy,53,897 Hunter Road,Lake Richardhaven,South Dakota,35449,154.477321,-78.9629075
Justin Taylor,58,28162 Poole Divide,Lake Johnathan,New Mexico,91425,-120.827507,1.178278
Mark Mcclain,74,4569 Jeffrey Islands,South Eric,Ohio,31120,-111.782001,19.107910
Stanley Jarvis,51,36687 Hansen Lights Apt. 603,New William,Illinois,22783,-81.983682,-28.8086265
Mrs. Katie Chapman MD,33,654 Collins Fords,Darrylville,Alaska,58963,167.799382,40.401424
Duane Smith,73,83605 Lewis Spurs Suite 943,Port Samanthahaven,Montana,08965,-168.477897,-67.153155
Melissa Diaz,45,9082 Michael Ridges Apt. 879,Kochstad,West Virginia,80156,51.623170,-6.085838
Heather Hernandez,66,363 Davis Spring,East George,Illinois,68511,-82.605567,61.1360165
Angela Fischer,80,26090 Aaron Spring Apt. 361,West Donnaberg,West Virginia,98060,-77.624768,-12.7337835
Richard Green,25,62759 Steven Knoll,Michaelshire,New York,09341,95.568536,73.682353
Deborah Ortiz,76,740 Albert Parkways,Ericchester,Iowa,85804,50.829584,-35.9766365
Brent Clark,58,05731 Gibson Curve Apt. 171,North Crystal,West Virginia,40724,-160.635899,-70.553249
Joshua Stuart,34,925 Hall Course,New Brandyland,Hawaii,28654,47.599713,-23.3820915
Marvin Campbell,19,1054 Melissa Route Suite 417,Pammouth,Colorado,89564,-136.411267,-56.102153
Mike Ayers,26,722 Gilbert Mission,New Jeffreychester,Michigan,19471,-20.903633,67.6168445
Daniel Singh,25,946 Carrillo Pass Apt. 001,East Jill,Delaware,68819,84.947063,-23.4790475
Anthony Barry,71,44016 Kathleen Crossroad,New Phillipmouth,Mississippi,68290,-137.453105,-6.0726855
Christopher Chavez,23,3677 Martin Hills Suite 548,Rileyburgh,Indiana,54869,74.587828,-62.3763875
Stephen Cervantes,65,87865 Khan Causeway,West Natashahaven,Missouri,44849,150.323350,-36.742432
Stephanie Reid,68,7477 Daniel Row Suite 854,Port Kennethhaven,Minnesota,41450,-49.133051,79.3442495
Michele Burnett,66,53197 Swanson Stravenue Apt. 129,Port Brandon,Maryland,36261,-111.563935,-41.538034
Michael Walters,62,1560 Sanders Harbor Apt. 651,Joneston,New York,71910,174.683032,-6.466079
Monique Vincent,47,98537 Alexandra Club,Micheletown,Nevada,99248,51.754462,-57.864963
Rachel White,71,42602 Horton Skyway Apt. 584,North Jared,Washington,37767,85.090024,-85.755043
Jessica Kim,61,88121 Kristina Fall Apt. 133,Thompsonbury,Florida,70626,-22.621722,22.132334
Jennifer Marks,79,66059 Clark Throughway Suite 751,New Thomasburgh,Mississippi,58521,50.500218,69.5839355
Heather Hudson,33,865 Martin Centers Apt. 630,Valentineton,Louisiana,15696,-159.621070,31.942573
Christopher Wood,30,55687 Hayes Curve,New Jean,Louisiana,64745,77.644216,21.7268455
Haley Dennis,18,3594 Hall Mission Apt. 711,Paigeville,Ohio,94723,-21.077546,51.5124605
Alisha Rice,46,87887 Rios Roads Apt. 320,Amyview,Virginia,47921,-106.728925,-24.1528815
Mitchell Boyd,77,626 Warner Viaduct,Wiseview,New Mexico,27738,-61.824259,-17.520683
Nathan Ross,32,09415 Jennifer Freeway,Tracymouth,Michigan,45876,-111.765659,-73.5304965
Lori Colon,73,60989 Baldwin Extensions Apt. 511,Lake Timothy,Kansas,94266,-64.278222,-14.996165
William Cervantes,66,232 Ruben Locks Suite 515,North Codystad,Nebraska,75792,-35.680331,19.0126345
Katherine Miller,42,65232 Elizabeth Stravenue,Reyesshire,Vermont,92639,35.336580,-26.055020
Jennifer Rhodes,79,722 Julie Center,North Melanie,Indiana,95249,-135.143952,19.7980875
Lauren Anderson,67,79277 Long Lane,Owensville,Texas,90262,79.610388,18.370573
Brett Steele,72,457 Dunn Street Suite 349,South Madison,North Carolina,96986,149.327813,32.131397
Kristen Cameron,78,946 Robinson Station,Port Michaeltown,Kentucky,84108,85.902738,-34.634653
Dr. Kevin Barajas,80,75488 Black Path,North Dianaberg,Montana,92414,-67.285547,50.2037605
Lindsay Bailey,46,5238 Shah Stream Apt. 997,Adkinstown,Maine,91786,108.544463,83.2647375
Todd Clarke,60,0922 Douglas Dam,Gallagherville,Delaware,26038,29.086031,-7.4583635
Erika Oconnor,32,61087 Logan Junction,Jefferyport,Ohio,74360,23.619050,8.811636
Michael Ritter,36,7478 Cherry Road Apt. 817,Michaelberg,Virginia,17585,144.594279,-53.8635395
Mark Rivers,73,1702 Brandi Road,Williamsport,Michigan,79046,37.029753,-31.488350
Jessica Brown,18,44981 Williams Mills,Brettbury,Ohio,47263,-112.772862,-56.410619
Michelle Brooks,70,0281 Bradford Village Suite 564,New Diane,Hawaii,85411,-46.685069,-53.9116965
Richard Ramirez,27,423 Bernard Green Apt. 450,Hoodborough,Minnesota,33120,132.284826,45.0873155
Michelle Davidson,36,68639 Martin Port,South Melissafurt,Florida,13248,103.787320,37.8276175
Jennifer Hughes,78,11346 Meyer Run Apt. 331,Lake Matthew,Hawaii,69301,-84.074392,85.415151
Ana Patterson,44,82698 William Branch,East Dennis,Hawaii,80583,84.746366,-70.279001
Scott Moore,54,12852 Ann Coves,West Jesus,Iowa,22466,-149.033262,-23.087826
Michael Wright,52,437 Smith Stream,West Paul,Indiana,38449,58.652094,15.7075785
Theresa Wright,20,52048 Benjamin Club Suite 824,Vanessachester,Iowa,29759,-46.264743,7.9311975
Maria Warren,53,999 Christine Corners,South Erinton,Rhode Island,40671,-23.078522,-23.5461125
Molly Hoover,55,946 Valdez Vista,Jamesview,New York,85286,26.047669,-14.1386925
Angela Riggs,76,21947 Kristi Haven Apt. 707,West Scottmouth,Kentucky,39605,-46.761259,8.074425
Hannah Taylor,27,19773 Joshua Islands Apt. 071,New Alexander,Tennessee,61746,93.709570,7.042746
Caroline Robinson,42,8686 Trevor Tunnel Suite 499,East Desiree,Delaware,34543,9.600297,74.755250
Timothy Bowman,36,40332 Mathews Islands,Brettside,Rhode Island,00791,-176.573085,24.734141
Benjamin Kerr,25,41591 Victor Vista,Terrellstad,Pennsylvania,58548,-24.559842,70.7139355
Jessica Poole,29,4190 Kelly Trail,North Angela,West Virginia,43870,81.739319,86.083694
Elizabeth Brown,60,96155 Turner Turnpike,Richardhaven,Vermont,34257,41.337486,63.346810
William Howell,33,5118 Jessica Causeway,North Jerryberg,Kentucky,34466,-69.202432,78.5937375
Melissa Franco,80,48206 Diane Route Apt. 352,Michaeltown,West Virginia,02223,152.079883,17.9775925
Cory Page,45,83917 Davies Club,New James,Alabama,78071,109.553885,32.5069295
Jose Vargas,77,2621 Noah Lights,South Earl,Indiana,49165,-34.800747,-69.633887
Theresa Elliott,74,1850 Debra Bridge Apt. 901,Port Shannon,Nevada,84440,-125.564165,-12.6630215
Philip Solomon,44,2109 Martin Neck Apt. 669,West Kevin,North Dakota,14081,91.954560,51.372011
Matthew Malone,70,5730 Timothy Lodge,North Jacobtown,Wyoming,53411,-161.163098,19.867218
Jerry Bowers,40,8324 Steven Avenue Suite 697,Lake Tina,Iowa,00885,-124.336881,84.0133315
Courtney Lamb,77,92822 Janet Falls,Ruizland,Delaware,60026,1.640861,-4.964918
Kristin Stone,48,5468 Moody Squares Apt. 360,Bruceburgh,Nebraska,92344,0.550555,8.588343
Donald Moore,50,855 Wilkinson Flat,Denisemouth,Alaska,35604,-2.621915,33.039321
Chelsea Griffith,66,29522 Stefanie Causeway,Josephville,Ohio,72209,-25.442134,15.2900095
Andrew Simpson,27,27421 Paula Stream Apt. 277,New Gregoryberg,Indiana,97082,-173.558784,83.1219785
John Miller,66,473 Yang Villages Suite 223,Bakerstad,Indiana,40482,-118.508936,-60.5533615
Michael Owens,25,34282 Cooper Summit,Julieshire,Nebraska,34081,42.059652,-41.889244
Brian Myers,72,118 Mitchell Glen Apt. 769,South Martin,West Virginia,59710,-31.420733,-26.3289895
Michael Snyder,56,967 Jones Throughway,Laurahaven,Kansas,06264,-51.677965,11.693219
Patricia Jones,79,9125 Jennifer Inlet,South Gregory,Nevada,25406,-57.288061,-27.7796025
Dr. Dale Carpenter,75,86185 Green Spur,New Andrew,Louisiana,11445,62.962705,23.5966845
Donald Mason,76,72431 Townsend Station,New Karen,Kansas,63220,177.154804,6.700296
Paul Daugherty,36,41581 May Spurs Apt. 932,South Tammyhaven,South Dakota,62702,-107.526779,79.181447
Ronnie Chavez,72,726 Strickland Fort,Jonestown,Indiana,91768,87.989187,69.2371465
Christopher Knight,80,24269 Flowers Summit Suite 018,Carrollborough,South Dakota,63438,-155.329270,24.5406205
Hannah Johnson,52,994 Deanna Orchard,Raymondburgh,Idaho,50516,144.733221,5.3603435
Sheryl Zhang,26,1913 Anderson Motorway Suite 866,Stevensonstad,Washington,85533,141.821136,-18.4307345
Angela Banks,63,5139 Kelly Way Apt. 965,New Katherinefort,South Carolina,58640,87.867476,12.8544535
Joseph Thomas,18,11809 Lopez Villages Apt. 167,South Melissa,Nebraska,45114,-145.190614,-71.540150
Joseph Saunders,66,90140 Briggs Light,Williamsburgh,Georgia,19648,-112.993993,8.450234
Brenda Gibson,71,344 Carrie Way Suite 101,West Kelseyland,New Mexico,02208,-148.149773,10.6856225
Eddie Walker,38,4268 Alec Springs,Melissaborough,Texas,76970,-142.181798,-34.151662
Julie Allen,57,20109 Heath Park Suite 522,Michaelside,Georgia,84640,151.314663,-43.8984485
Teresa Turner,69,0188 Edwards Skyway,Christopherbury,West Virginia,62561,-107.965603,-34.9776455
Dr. Daniel Bailey,33,2823 Wilson Light,New Nicholasview,Nebraska,96293,86.555649,12.9193455
Christopher Vaughn,80,501 Lawrence Springs,Kyleview,Kentucky,29969,27.847919,81.4002595
Danielle Ramirez MD,39,14005 Mark Isle Suite 970,Stephenview,Washington,55863,-173.208149,19.2540495
Jessica Fleming,47,74731 Aaron Radial,Tanyafort,Delaware,06275,-47.005504,3.7796845
Jeanette Warren,51,23302 Monica Courts Suite 286,Lake Alexisside,New Hampshire,08016,143.963981,-56.213412
Robert Hernandez,25,80597 Brandon Corner Apt. 240,North Corey,New Mexico,47762,-103.266212,-85.1741765
Tiffany Mcintosh,21,199 Ricardo Oval,Martinberg,Nebraska,56824,-34.295020,-17.021135
Vanessa White,46,7316 Theresa Union,Reedport,Wyoming,09376,-155.154830,80.852301
Carlos Garza,48,9282 Morales Mills,Mccarthyborough,South Dakota,34495,-88.365800,42.7809405
Virginia Bailey,55,4132 Fisher Crescent,Lowemouth,Oklahoma,87704,-42.039298,35.6773915
Janet Marsh,75,59666 Zachary Spring,Lake Ryanland,Ohio,09985,105.565202,22.3917325
Robert Harrington,61,08062 Sanchez Crossroad,New Thomas,Rhode Island,96611,-37.374035,-56.797856
Robert Alexander,76,5652 Cardenas Oval Apt. 189,East Hayden,Maine,18971,-57.344283,15.914940
Rebecca Parks,40,88227 Curtis Rapid Suite 757,Lopezchester,Indiana,61473,90.319818,9.960442
Ruth Ferguson,44,89003 Lozano Pike Apt. 268,Port Tammyfort,Delaware,91541,171.751260,-14.0175585
Garrett Mitchell,25,149 Graham Mills,Courtneyside,Wyoming,89143,-79.988584,1.2327015
Douglas Howard,50,617 Williams Divide Suite 236,Hernandezfurt,Alabama,04194,-170.907294,-47.002415
David Hammond,23,1158 Wilkins Lake Apt. 482,Byrdburgh,Indiana,18787,47.754625,-35.669701
Kevin Zimmerman,63,95236 Thomas Orchard,Marshallchester,Florida,09974,-165.388981,-1.5542135
Katherine Lyons,32,60494 Marshall Islands,Wilsonshire,New Jersey,90195,29.948793,-16.9576795
Jenna Johnson MD,61,03813 Murray Trace,Port Louistown,Ohio,75928,-3.917509,48.934816
Christine Moore,27,8550 Gray Motorway,Mirandafort,North Dakota,50617,-38.838040,-26.537252
Shelby Villanueva,54,1557 Cindy Trail,Thompsonmouth,Florida,06280,96.205462,-34.147553
Gabrielle Marshall,26,47637 Joshua Island Suite 677,Jordanmouth,Louisiana,56386,22.412463,89.053315
Katherine Ramos,19,1830 Robert Union Apt. 250,Maldonadostad,California,19487,127.315323,-80.9942785
James Henry,23,96360 Crystal Stream Suite 461,South Thomasborough,Tennessee,50540,175.579338,-53.3290615
Marie Sanders,60,2272 Austin Islands,West Vicki,Mississippi,18800,15.160956,75.310232
Larry Rodriguez,60,55447 Nicholson Stream Apt. 404,East Jacobberg,South Carolina,77275,123.498725,71.945408
Travis Gross,23,25159 Walker Common Suite 810,East Jacqueline,Connecticut,15353,-51.581504,84.144583
Kaitlin Green,24,940 Pitts Skyway Apt. 510,West Christopherstad,North Dakota,86981,-37.836505,-82.7073175
Kathryn Fitzpatrick,65,6580 Brian Spur Suite 103,North Michael,Idaho,04151,-137.667705,-61.392521
Kelli Freeman,47,4606 Cruz Cliffs,Michaelbury,South Dakota,53551,-97.703925,51.8589435
Curtis Norton,26,04158 Jones Causeway,West Heather,Utah,33090,-22.222179,22.145764
Ian Fernandez,67,08244 John Rest Suite 463,New Philip,Washington,84992,-98.726537,-6.877665
Elizabeth Rodriguez,65,14740 James Alley Suite 380,Tammyside,Arizona,62905,-147.547636,-6.149272
Marilyn Martinez,40,23591 Ashley Forks Suite 962,South Maria,Minnesota,31424,141.095593,48.3988885
Jessica Harding,76,4421 Cynthia Points Suite 204,Alexaport,Georgia,02501,-122.241263,16.412913
Michael Nguyen,51,139 Haley Creek Apt. 339,Allenview,North Dakota,18070,-1.015503,19.671060
Amber Holder,68,7548 Willie Creek Apt. 806,South David,Utah,39136,-84.697465,18.2654815
Nicholas Wilson,37,4968 Eric Island,Sanchezmouth,Virginia,81328,-5.189304,2.139188
Wendy Bonilla,34,573 Jonathan Green Apt. 633,Villarrealshire,New Jersey,52868,-99.100428,-34.341378
Monica Jennings,37,688 Timothy Rapid Apt. 147,Ruizchester,Montana,03639,87.994891,-76.3121195
Daniel Garza,67,030 Brewer Mount,Karlview,Oklahoma,59463,113.326420,13.4440485
Bruce Patterson,72,172 Carol Bypass Apt. 884,South Rebeccatown,Connecticut,91852,-48.787389,35.915733
Anna Huber,22,47105 Estrada Station Apt. 194,West Davidberg,South Dakota,63554,169.905908,19.677020
Laura Chapman,47,95140 Anthony Courts,North Joseph,North Carolina,14829,-31.142061,-76.1813425
Jennifer Jackson,38,751 Garcia Land Suite 842,Hicksview,Iowa,30773,-52.008678,-17.371948
Steven Robinson,65,51315 Mark Walks,New Laurenfort,South Dakota,08459,150.482850,39.314645
Patrick Beard,49,59910 Logan Common Apt. 633,New Andrea,South Dakota,01522,-45.047110,37.435589
John Oconnor,18,020 Edwards Rapids Suite 581,Jeffreychester,Arizona,82876,-174.288826,81.342100
Scott Robles,74,4480 Jennifer Center Apt. 779,Sarahborough,Washington,14187,-6.697431,38.0648995
Scott Johnson,48,636 Paul Lock,South Justin,Vermont,81899,72.987781,0.1526295
Janice King,68,35527 Jason Tunnel,Melindamouth,Missouri,84296,149.206169,-49.9448545
Angela Merritt,75,4211 Caleb Drive Suite 992,Harrisberg,Oregon,83530,170.652066,-51.397580
William Smith,26,473 Perry Road Suite 048,Lake Judytown,New Hampshire,29706,-101.845503,15.018647
John Bell,41,26449 Ashlee Spring,Paulland,Kansas,58882,-151.216468,31.1708875
Donald Carter,77,1703 Wagner Extensions Apt. 440,Hahnhaven,Iowa,54078,174.532796,23.729091
Erica Bennett,58,56552 Laura Mountain Suite 502,West Craigburgh,Missouri,08874,66.917235,60.240320
Gerald Bright,58,353 Sandra Terrace,New Brandy,North Dakota,98933,-42.875078,38.910212
Amber Evans,22,408 Jennifer Forks Suite 693,Port Nathanmouth,Kansas,55432,16.963181,18.604566
Peter Pitts,58,9034 Morrow Glen,Brianstad,Idaho,80136,-69.353288,-83.031340
Rebecca Hill PhD,26,438 Burke Village Suite 693,Chamberschester,Pennsylvania,94395,171.517852,53.7642005
Alexis Strickland,21,70104 Peterson Roads Apt. 557,Lake Chad,New York,63543,-22.064526,-42.858444
Eric Riggs,44,343 Gomez Wells Suite 856,New Aaronmouth,Rhode Island,18571,41.179359,-88.8707285
Rebecca Sherman,76,356 Brett Orchard Apt. 180,Richardbury,Maine,88518,92.617693,-87.070112
Tyler Smith,53,090 Benton Pine Suite 165,Sanchezmouth,New York,84978,-87.029483,-57.891361
Laura Thompson,20,934 Guerra Key,Patriciaport,Oregon,07098,40.987199,14.5488485
Timothy Barker,67,2642 Luis Neck Suite 878,Meghanton,Hawaii,98608,8.432409,11.0109405
Darryl Ellis,68,5580 David Bypass Suite 509,Riveraville,Rhode Island,43507,-81.911066,3.453194
Jessica Reid,76,51372 David River Apt. 907,Lake Rachel,North Dakota,05179,38.911215,63.2595525
Lisa Browning,62,37277 Calderon Coves,Port Hollyshire,Alaska,67330,-167.686976,2.083043
Alicia Walker,42,077 Melendez Square Apt. 408,Boltonton,Mississippi,24374,-105.146420,-56.235607
John Martinez,47,646 Howard Freeway Apt. 712,South Gregory,Arizona,45357,11.416051,-61.6895175
Bradley Juarez,72,46163 Wu Mills,New Manuel,Alabama,90146,-88.202236,-26.037866
Shelby Rodriguez,59,3173 Stephens Squares Suite 719,East Danielmouth,Virginia,85732,54.705073,23.558041
Thomas Perry,40,796 Durham Courts Suite 057,Lake Cristian,Utah,90711,142.937530,-57.122816
Melinda Reed,58,0366 Alexander Course,Melvintown,Arkansas,90710,-8.492898,-31.5737455
Kayla Clark,25,79925 Donald Views,Woodsside,Washington,63152,75.469893,19.6411905
Kyle Simmons,41,19528 Larry Glens Apt. 030,North Caleb,California,05956,-99.982670,-7.4129175
Chad Orozco,25,31817 Boyd Inlet Apt. 824,Robertberg,North Dakota,09549,-18.154186,85.126829
Kevin Bell,30,720 Sharon Parks,Popefort,Rhode Island,10781,134.287280,-48.5866675
Sean Maxwell,73,036 Catherine Vista Apt. 149,Trevormouth,South Carolina,69681,83.028356,-14.280507
Jonathan Solis,56,82553 Kyle Fall Apt. 715,North Brady,New Mexico,28805,30.763746,47.515250
Rebecca Johnson,79,121 Fisher Center Suite 721,Port Leroychester,Pennsylvania,64063,-122.074246,-36.4820855
Heather Lowe,29,95601 Brooke Estate Apt. 445,Port Morgan,Arkansas,46597,-7.877317,-17.223078
Jason Payne,38,00858 April Course,Port Brian,Oklahoma,85967,-162.998481,-28.846655
Richard Stone,62,1547 Stephen Extension,Paulburgh,Illinois,27591,-72.549232,-19.783656
Tracy Adams,25,1592 Patrick Drive Suite 671,Sweeneyport,West Virginia,16642,-118.343634,-55.655416
Gary Russell,65,69374 Travis Freeway Suite 320,Silvashire,Utah,70137,-11.747314,-24.3928795
Leslie Anderson,23,953 Curtis Locks Suite 463,East Jessica,Tennessee,84640,-83.062243,-78.711539
Shawn Gallegos,74,708 Smith Bypass Apt. 510,Gonzalesland,West Virginia,60070,-64.669853,-3.2874755
Lisa Johnson,70,0978 Brooks Turnpike,Johnsonmouth,Utah,53405,42.747753,49.541055
Edward Golden,19,08015 Holland Meadows Suite 556,New Joseph,New Hampshire,46268,-5.071822,-79.4456105
Cynthia Mendoza,29,758 John Ports Suite 327,Lake Daniel,Illinois,21693,-16.508478,-24.057722
Lisa Kelly,30,8815 Graham Summit Apt. 185,Johnbury,Wisconsin,20946,-119.538354,47.321559
John Mcbride,40,3002 Rebecca Walk,Lake Austinport,Arizona,73758,-163.179676,-38.279991
Mark Fisher,26,326 Mendez Garden,Sydneyton,Hawaii,62771,158.252927,-79.0210425
Donna Duncan,18,3047 James Hills Suite 696,Johnsonside,New York,61748,-132.069820,-12.517137
Dillon Garcia,67,87925 Ana Station Suite 369,West Chelsea,Washington,83197,137.694904,8.4837685
Sandra Campbell,26,874 Christopher Highway,Rodriguezbury,Rhode Island,64752,-101.763921,37.063163
Stacey Wilson,24,734 Regina Drive Suite 057,Riceburgh,North Dakota,84774,139.410942,-56.7380465
Jesse Novak,42,19534 Ellis Stream Suite 365,Juanside,New Jersey,55790,-36.871457,5.1819315
Scott Harmon,37,7208 Jimenez Trace,New Rachelmouth,Iowa,59633,-97.366260,-5.229479
Debbie Smith,45,134 Amber Avenue,East Donaldshire,Mississippi,28452,-126.934938,-58.9676135
Michael Morrow,50,7294 Dwayne Roads Apt. 521,Mannview,North Carolina,83064,-128.046262,11.8298695
Joseph Travis,76,69694 Curtis Overpass Suite 169,Janetberg,Iowa,07956,69.301821,-82.4399545
Jason Martinez,46,149 Mills Street,Jenniferfurt,Ohio,27707,99.626088,8.950467
Shane Beasley,26,084 Cox Crest Suite 039,Davisland,Arizona,76731,109.956211,77.925754
Jennifer Morales,74,7292 Davis Divide Suite 198,West Nicoleborough,West Virginia,08007,-67.395790,69.3766995
Mark Smith,50,191 Cabrera Prairie,Lake Luis,Hawaii,31862,47.118946,35.923549
Matthew White,57,8539 Smith Rapids,Port Scottland,Missouri,08148,19.403447,7.026385
Katherine Johnston,35,218 Boyd Mountain Suite 017,East Jessica,Massachusetts,19493,28.468517,64.8560705
Grant Williams,70,480 Sawyer Shoals Suite 955,Edwardstad,Wyoming,26394,-120.010343,46.9355065
Dr. Sarah Mcintosh MD,51,153 Howard Shoals Suite 882,Port Russellside,Maine,69311,-81.461102,-34.141561
Corey Leach,32,7738 Sean Dale Apt. 560,North Tiffany,Wyoming,69906,141.505946,83.6593235
Jessica Shea,54,763 Michael Walks,New Brittanyfort,West Virginia,06968,-0.668588,-10.5563025
John Merritt,66,3261 Christine Park Apt. 012,Port Patrickville,Rhode Island,57244,163.785549,1.972837
Gina Franklin,47,199 Elizabeth Extension Suite 300,Watsonburgh,Iowa,43089,-124.316640,-41.091775
Andrew Conley,62,86253 Powell Spurs,Mitchellton,Nevada,62661,-26.755279,-14.522027
Michael Hill,25,6700 Alexander Plains Apt. 399,Port Katelynburgh,Pennsylvania,81609,101.930239,-88.839913
Cory Rojas,65,211 Michael Mountain Suite 742,Wilsontown,Illinois,84457,21.379915,-36.283815
Gabrielle Solomon,78,201 Barbara Knoll,Micheleside,Colorado,10729,-12.705129,-67.618687
Ashley Davis,67,4888 Thompson Row Suite 284,Robinsonview,West Virginia,69615,-4.827551,-6.895423
Victoria Clark,79,72995 Stephanie Inlet,Lovemouth,Pennsylvania,79062,58.154873,-1.577193
Jennifer Silva,25,6190 Robin Stream,Port Frederick,Nebraska,85310,-137.644215,-48.9581625
Spencer Alexander,35,854 Martin Shoal,New Holly,Wyoming,52189,87.068641,-15.628398
Rebecca Hughes,23,160 Wright Cliff Apt. 920,Lamtown,West Virginia,59601,141.422238,-83.707056
Bradley Santos,31,04291 Stephens Mills Apt. 949,South Evanmouth,Washington,67639,-58.795227,21.333744
Megan Beck,26,656 Williams Flats Suite 628,East Christopher,Indiana,91438,128.559516,66.703745
Mark Morales,59,82367 Maureen Villages Apt. 967,Pearsontown,Vermont,07661,121.082671,85.411664
Calvin Mayo,51,23422 David Mountains Apt. 872,Lake Lindamouth,New Jersey,20105,3.038550,-51.520299
Ashley Ingram,20,5705 Christopher Tunnel,East Robyn,Maryland,12333,91.289601,64.0904035
Matthew Martinez,64,54274 Cummings Ford Suite 434,Port Melanie,New Mexico,82770,29.586491,73.147872
Regina Jackson,51,549 David Junction,West Maryborough,Wisconsin,95415,107.494986,-58.717693
Susan Harrington,22,52480 Taylor Circle Suite 070,Watsonbury,Kansas,24036,-170.014600,48.617518
Robin Watson,47,2217 Rachel Meadow Suite 108,Lake Ana,Illinois,21164,-126.559160,-3.6748725
Nathan Wilson,20,591 Perez Centers,Davisfort,Alabama,93975,68.981787,-10.9110935
David Todd,18,4539 Carol Wall Suite 335,Brooksfurt,Texas,64531,-138.495307,-75.2502025
Juan Guerrero,79,0859 Caitlin Crest Suite 975,New Benjaminview,Vermont,48518,139.166911,-51.550456
Maria Butler,70,306 Ricky Landing Suite 177,Michelletown,Delaware,15553,157.978047,-57.0886115
William Richards,72,968 Laura Shoal Apt. 493,Whitestad,Massachusetts,72209,142.270622,-84.8410735
Gina West,67,418 Carla Shore,East Jeffery,Kentucky,76606,102.947218,-81.3934255
Carl Graham,24,019 Payne Port Apt. 921,East Dianamouth,Utah,83522,25.740031,30.1434215
Harry Powell,21,85139 Patrick Plaza Apt. 793,Wendyfort,Alaska,30104,-57.368362,-17.6597715
Elizabeth Sutton,41,76718 Nancy Stream Apt. 464,Vasquezmouth,Connecticut,55818,109.519277,45.7460675
Jason Brown,76,2105 Adrian Crest Apt. 025,North Amandaton,Georgia,63562,75.916177,63.269418
Cody Ortega,50,530 Sellers Wall Apt. 928,Lake Lisaton,Illinois,23315,-76.018341,82.688689
Robert Herrera,21,2909 Miller Locks,North Lisafort,Texas,26382,-79.647730,-88.286653
Phillip Nash,74,6257 Carlson Drive,Jeffreystad,Ohio,26265,-126.013229,27.0970535
Angela Miller,23,9048 Perez Shoals,Valenzuelaview,Massachusetts,30854,-29.122211,-45.577706
Jeremy Thomas,72,523 Brian Station Suite 505,West Ryan,Hawaii,45267,36.279632,-31.9767635
Joseph Franklin,41,59672 Phillip Squares Suite 115,South Tonyville,Missouri,43056,-74.912683,-84.324726
Samantha Olson,66,085 Marks Branch,Tomborough,Alabama,73701,-144.462449,-40.1442185
Darryl Stevens,47,62577 Shannon Fords,Millerville,South Dakota,08291,103.231398,-81.6948085
Nicole Velez,49,2968 Michael Tunnel Suite 676,New Frankport,Hawaii,53069,60.181936,89.8812245
Rick Sullivan,48,078 Lauren Plain,New Edward,Rhode Island,19304,174.673945,-73.048441
Adam Hernandez,35,24065 George Vista,Chaseside,Indiana,34171,63.446418,-32.632371
Mary Garcia,64,507 Nathan Plaza,Robertshire,Rhode Island,44418,8.709140,-14.155390
Michael Smith,40,1385 Paul Ramp,Bartonton,Hawaii,06325,-50.455013,-38.355263
Deanna Lowe,33,652 David Ranch,South Mark,Mississippi,77309,87.289831,80.888085
Amanda Hicks,20,93416 Jennifer Ramp,Millerport,Arizona,90019,-19.188779,44.0550645
Douglas Gutierrez,29,711 Wayne Branch,North John,Missouri,59676,-166.238415,19.6265245
Keith Moore,74,751 Anderson Gateway Suite 618,Nicolechester,Maryland,61424,-20.322932,-26.185411
Harold Reese,78,23948 Tara Manor,Salazarton,Alabama,42697,-20.140909,45.948391
Misty Stone,30,894 Huff Landing,Vangborough,Nevada,19769,57.414785,44.435931
Benjamin Mendoza,28,830 Harris Extensions,Port Tommymouth,Ohio,21749,-24.198074,43.0601505
Paul Peterson,66,5414 Fuller Shoal Suite 909,Port Carrie,Rhode Island,26743,91.783722,-30.149896
Bradley Coleman,25,227 Brandon Brooks,Port Jamie,New Jersey,37025,16.891189,-39.8481475
Benjamin Trevino,51,1694 Kim Grove Suite 457,Maryville,Delaware,00556,164.709075,-37.1386795
Courtney Nicholson,74,28653 Amy Islands,Padillaton,Maryland,36933,-128.099521,51.7154875
Micheal Johnson,30,096 Henry Port Apt. 242,Gabrielaberg,South Carolina,02241,107.090272,-60.486198
Michael Moore,74,23609 Edwards Via,South Jacob,Hawaii,65813,-93.415173,20.039533
David May,44,66964 Hill Place Suite 950,East Richardport,West Virginia,65377,160.305187,38.431822
Nathan Bautista DDS,21,6660 Jones Lake Apt. 643,Port Benjaminfurt,Utah,94327,-104.680075,86.6287755
Kathleen Villa,32,4313 Roberts Union,Jamesmouth,Utah,21548,120.603381,89.255769
David Shaw,67,25427 Alexander Alley,Blaketown,Kansas,78050,134.324863,4.795980
Jessica Franklin,38,98540 Sabrina Locks,New Austinland,Minnesota,06419,-122.862407,-14.609976
Danielle Miller,39,43672 Cole Lock Suite 809,Lake Lisa,Oregon,24567,159.842338,-10.812753
Jerry Mcdonald,50,0722 Natalie Field Suite 839,South Jeromestad,New Hampshire,91215,-92.994429,54.5210185
Brandi Long,63,25770 Smith Neck,Danieltown,New Jersey,71656,-114.162825,17.1178405
James Smith,64,349 Thomas Avenue,New Rebekah,Alaska,98884,-177.884011,-66.9049875
Maria Nelson,63,345 Richard Wall,Harveyhaven,Nebraska,34321,-40.685884,-88.171566
Sarah Howard,65,8692 Reyes Greens Apt. 508,Robertfort,Connecticut,03558,-70.266012,60.513509
Christopher Berry,66,55861 Chavez Wells Apt. 276,South Masonview,New York,83994,150.006873,-87.2206365
Jennifer Huang,77,9551 Cox Views Apt. 192,North Michelleville,Louisiana,76349,-8.927794,-33.933906
David Butler,57,53925 Smith Estates Suite 548,Port Jamesmouth,North Dakota,79965,-28.018672,63.260752
Melissa Coleman,53,0985 Lawrence Field Suite 184,New Nicole,Illinois,29722,163.492899,16.9110605
Robert Rosales,54,416 Dean Parks,East Diana,Alabama,14053,52.308527,31.1653505
Leslie Tate,33,39913 Phillips Road,North Patrickbury,Mississippi,16501,-161.668568,89.0823835
Valerie Ross,57,361 Carolyn Mountains Suite 011,Tammyhaven,Idaho,76284,160.743003,1.051271
Jason Sullivan,19,2483 Erin Spur Suite 148,Port Ryanmouth,Minnesota,52976,-95.372892,-39.0695345
Kim Townsend,21,0867 Matthews Keys Suite 682,Leahchester,North Carolina,95690,-62.248803,9.174194
Molly Lewis,62,979 Jimenez Divide,Brendaside,Iowa,90915,-169.006798,48.473453
James Melton,49,27081 Gibson Burgs,Chaneyville,Minnesota,67941,106.498614,85.2910325
Jessica Hunter,28,3274 Henson Well Suite 708,Harmonton,Delaware,13700,114.393402,-80.290084
Anna Frost,58,595 Patricia Throughway,Williamsfort,Florida,50822,-138.397355,68.419138
Steven Evans,21,9511 Sullivan Junction,Shellybury,Tennessee,27115,86.240051,25.044956
Tina Bernard,40,67722 Charles Lodge,Williamshire,North Dakota,01720,154.056844,47.9118785
Matthew Nelson,32,8817 Michelle Prairie,Amandafort,Massachusetts,63830,154.517325,80.8835235
Terry Jones,31,5575 Tim Spurs,Paulchester,New Hampshire,40975,67.611424,1.201485
Shelley Green,40,62724 Henry Mall,Lake Tracy,Oklahoma,27168,-136.334794,-38.2923435
Margaret Reynolds,58,9256 Edwards Skyway,West Yvette,Idaho,44729,51.350625,20.307071
Miss Makayla Taylor,75,933 Joshua Fall,Newtonmouth,Florida,52213,60.086252,1.421170
Rita Thomas,47,276 Dustin Place Apt. 279,Emilyton,Pennsylvania,26709,118.159368,-75.5697445
Gina Dalton,21,46790 Booker Creek Apt. 735,West Billyburgh,New Hampshire,80622,85.422465,70.7078485
Allen Hanson,19,79477 Vanessa Spur Suite 578,West Jeremyburgh,Ohio,96555,9.905803,44.424764
David Riley,19,0792 Brenda Burg Apt. 176,East Williammouth,Wisconsin,28071,-37.239398,-80.9112785
Kimberly Newman,51,185 Kenneth Course,West Jacqueline,Delaware,82525,-155.911278,49.1633305
Donald Coleman,43,625 Tyler Rapids,Georgestad,Missouri,40243,-49.928472,-27.9921305
Charles Parker,36,5420 Sloan Well Suite 497,Port Noahfort,Illinois,57040,-44.146851,-78.043004
Anthony Smith,53,228 Joseph Unions,Markborough,California,23120,99.472030,-40.605236
Ernest Rodriguez,24,2476 Smith River Apt. 833,Dianehaven,New York,74403,54.187813,-21.524714
Hector Perez,31,9048 Holmes Mountains Apt. 410,Littleburgh,Maine,24618,36.282696,-56.5444885
Jonathan Owen,46,6716 Stephanie Stream Suite 621,Flynntown,Kansas,08234,-105.051848,-6.3811375
Melissa Hays,57,201 Jorge Locks Apt. 579,New Jefferyfort,Arkansas,08403,-83.249969,36.338507
Jaime Jones,76,098 Daniel Village Apt. 504,Markport,Hawaii,65479,-157.016503,-56.314699
Mandy White,78,8200 Cunningham Ford Suite 949,Monteschester,West Virginia,13112,-172.654339,68.526377
Justin Rogers,39,5789 Jones Crest,Lake Dennisville,Arizona,30576,57.636140,-75.5645265
Jose Garrett,18,281 Jeremy Tunnel Suite 615,Williambury,Arkansas,95278,-114.808174,-70.374002
Brent Spencer,68,73856 Timothy Run,East Cynthiaburgh,California,72406,164.703916,-19.445139
Robin Thornton,62,859 Melissa Turnpike,East Jennifer,Georgia,66362,101.064359,-69.9771255
Douglas Sanford,32,6658 Donald Parkway,Jameston,Tennessee,62268,-145.771892,2.507336
Shelley White,36,3446 Wade Well,Cooperport,New Hampshire,72622,-123.922381,-29.6046175
Sean Flores,59,0879 Ashley Roads Apt. 560,New Lisa,Wyoming,90919,92.334621,-22.362052
Troy Padilla,56,9186 Johnson Inlet Apt. 975,Lake Christopherport,Wyoming,62963,136.912225,13.6787195
David James,23,38358 Emily Place Suite 312,Jessicaland,Colorado,02877,-165.725733,-35.7141635
Margaret Calderon,24,7119 Donna Summit Apt. 331,South Robinburgh,Washington,92971,-169.580965,61.264838
Justin Brown,57,0554 Marquez Mall,East Codychester,Connecticut,35839,-63.522894,89.5060695
Allison Garcia,71,66036 Jonathan Station,New Wendyland,Rhode Island,79034,-34.369644,10.6066935
Cameron Rivera,45,7826 Tricia Mount,Pamelafort,New Mexico,35305,91.811785,-24.7037525
Curtis Owen,79,44627 Keith Prairie Suite 722,Thomastown,Alaska,54079,-24.693613,81.7255635
Melanie Peterson,77,55519 Jennifer Turnpike,South Tamarashire,Arizona,28582,28.151518,-34.6090105
Eugene Perry,64,707 Mason Burgs Apt. 356,North Mary,Michigan,99658,-91.230949,22.6434715
Susan Smith,75,619 Jamie Flats Suite 887,Murphymouth,Pennsylvania,01667,95.846141,82.750897
Timothy Colon,29,6064 Gross Wells,Sotoside,Louisiana,01318,79.085090,-18.778365
Brianna Beck,66,41019 Gray Pike,Lake Randybury,Indiana,32994,-83.054472,-5.3848705
Jesus Brooks,49,572 Martinez Throughway Apt. 503,New Johnchester,Arkansas,36613,-105.575970,65.3198565
Erica Howard,19,450 Martinez Lakes,New Laura,Mississippi,73184,146.789838,-86.2800305
Michael Johnson,51,4786 Adams Knoll Apt. 201,Port Larry,Montana,33775,-78.163751,-68.6629695
Amanda Donaldson,33,63690 Molly Locks,Odomport,Alaska,89893,-21.153072,29.723201
Nancy Jones,67,391 Bowman Pass Apt. 939,Peterberg,Utah,43056,18.290146,22.784987
Patricia Campbell,73,98425 Callahan Fork,Lake Joanna,Delaware,08375,-47.566808,35.849763
Lawrence Davis,30,01901 Brandon Creek Apt. 357,Brewerfurt,Utah,38967,-150.194084,42.8018065
Lisa Thompson,70,89160 Sarah Turnpike,Longborough,Louisiana,21657,86.443182,-16.182320
Alexis Pierce,72,15954 Webb Springs,Thomaston,Oklahoma,41321,-103.564584,77.934124
Amanda Hurley,35,5298 Vasquez Expressway Suite 768,Johnsonview,Washington,18971,28.163629,-29.375204
Sara Jacobs,62,23715 Daniel Crossroad Apt. 265,Gregorymouth,Arkansas,23002,142.552191,-53.269724
Patrick Barr,35,822 Gregory Lodge Suite 336,New Kevinstad,South Dakota,21384,-142.843980,63.2469645
Jon Short,78,244 Vazquez Gardens,Port Jessica,Florida,41465,87.252350,-8.7615045
Desiree Webster MD,62,7030 Stein Throughway Apt. 010,Lucasfurt,Tennessee,71590,-168.113667,-7.829119
Danielle Wilson,19,38517 Robert Drives Suite 838,Susanfort,Mississippi,84572,174.981211,-81.285382
Wesley Lynch,44,709 Nicole Isle,Wrightton,Oklahoma,60471,-10.712714,-6.7831785
Christopher Campbell,53,501 Wolfe Path Apt. 253,Camachoton,Wisconsin,10465,-151.100897,15.6018925
Annette Rice,20,904 Dustin Islands,Lisahaven,Pennsylvania,64703,50.840504,76.315362
Megan Watson,44,326 Underwood Common,Maxwellhaven,South Carolina,43983,124.492527,-22.754231
Tony Jones,79,0029 Hill Roads Suite 333,New Jacquelineville,New Hampshire,07583,167.843901,46.609394
Linda Ruiz,20,24373 Stephanie Gateway,South Leah,Rhode Island,37559,65.781116,44.723574
Barry Garner,45,3659 Shawn Key Suite 471,Lake Jasonborough,Oklahoma,16389,-59.214202,-7.550353
Jessica Robinson,40,1974 Zamora Stravenue,Franciscofurt,Hawaii,95791,130.034870,33.3634265
Michelle Jones,59,742 Victoria Walks,North Lynnfort,Utah,12400,113.732287,-65.7235125
Jamie Christensen,41,88466 Johnson River,Kimberlyhaven,Washington,80459,-35.911481,-78.5530655
Heather Turner,70,49402 Welch Corner Suite 017,Jacquelinefort,Arkansas,90528,-55.674411,-12.0982555
Adam Roberts,31,1999 Dawn Courts,Port Evelyn,North Dakota,71537,-130.551101,47.537672
David Arnold,25,445 Robinson Stravenue,North Edward,Idaho,09120,41.067080,-8.5551745
Nathaniel Hicks,23,7050 Alison Via Suite 740,North Brittany,Ohio,84996,-89.607039,-3.5456045
Robert Estrada,80,787 Jason Forest Apt. 814,Dudleyburgh,Oregon,80245,165.583882,74.616010
Jordan Lee,50,8718 Thomas Cliffs Apt. 503,North Raymondmouth,California,01065,21.354758,-15.573386
Angela Castro,55,68389 Jessica Roads,North Christinaburgh,Alabama,17486,-57.625013,78.930767
Jenna Hall MD,38,129 Contreras Dale Apt. 100,Port Charlotteborough,North Dakota,45021,47.049533,29.886952
Stacy Roberson,64,4004 Lewis Mission Apt. 218,New Andre,Vermont,96266,-15.016775,74.8606285
Rebecca Wyatt,27,6520 Cindy Union,South Lisashire,Kansas,42885,-29.570388,-44.790101
Matthew Swanson,42,64188 Clayton Landing Suite 884,Lake Ryanside,Texas,56946,-13.303777,-26.018079
Donald Livingston,30,96537 Justin Shore Apt. 980,New Theresamouth,Michigan,00947,-116.127063,35.437977
Lauren Gilbert,24,5360 Shane Unions Suite 507,Port Edward,Maine,59416,-135.110926,-55.223992
Terri Randall,69,4641 Edward Shoals,Lake Johnathanport,New Hampshire,17716,96.434173,-50.089026
Terry Casey,66,93700 Darryl Crossing Apt. 116,New Meganshire,South Dakota,20140,-55.833824,48.5947275
Sylvia White,68,6216 Ortiz Harbor,Lancebury,California,80072,133.941559,-34.046985
Stacy Hayes,62,13151 Natalie Trail Suite 578,Amyton,Minnesota,13505,-20.975040,3.443210
Frank Jones,67,7490 Cooper Village,Fordtown,Utah,16638,161.862803,78.9392605
Michelle Richardson,28,13703 Padilla Burg Suite 408,Lake Makaylaport,Kentucky,80479,32.735477,-42.637833
Kenneth Washington,71,673 Wilson Stravenue,Lake Diana,Kansas,42909,-132.281188,-53.748822
Lindsay Miller,44,1080 Nicole Well Apt. 957,Richardsonburgh,New Mexico,87983,123.625448,-34.4510365
Lori Thornton,29,96089 Simon Locks Suite 237,West Ryanborough,Colorado,87043,152.160622,12.0488885
Brandon Serrano,62,5632 Angela Burg Suite 784,Thomashaven,Arizona,63016,76.683550,-58.540186
Jeffrey Shaw,61,7197 Keith Street,Markside,Minnesota,21522,63.619280,-2.230702
Derek Martinez,36,06894 Smith Loaf,Matthewside,Texas,84298,-62.001097,-78.9349715
Barbara Burnett,45,4753 Scott Club Suite 108,South Crystal,Mississippi,62349,-6.299813,78.788815
Ivan Mckee,80,539 Brandy Crescent,Shannonshire,Maine,91760,-170.482391,-41.5161115
Kimberly Robbins MD,61,73963 Burch Creek,Wilsonberg,Maine,20982,-88.643766,-20.6454135
Justin Pineda,25,745 Mary Summit Apt. 036,Port Seanfort,Virginia,10529,-42.894246,39.012517
Carl Mcintosh,34,759 Jacobs Club Suite 754,Maystad,Idaho,95196,139.796459,62.4001315
Nathan Graves,46,3910 Ramirez Drives Suite 433,West Eddieshire,Vermont,20168,122.575718,65.7638815
Sara Ballard,20,901 Debra Tunnel,Lewisville,Mississippi,07563,-9.175310,30.6190765
Michael Smith,40,7243 Lowe Parkway,Joneshaven,Montana,27962,88.881412,-23.506469
John Davies,42,2375 Palmer Isle,New Codymouth,Colorado,83250,-74.688543,61.491750
Kevin Walker,28,2615 Aaron Keys Apt. 927,North Justinport,Georgia,26169,-5.362238,63.751121
Debbie Garcia,35,339 Patterson Creek,Port Shawnport,Alaska,72297,179.722975,-6.8519675
Michelle Nolan,63,8915 Olivia Fall,Garciaport,Arkansas,31967,114.018713,70.1908885
George Henderson,51,663 Scott Turnpike,Hamiltonhaven,Oregon,30272,-28.471184,32.036754
Lori Wilson,71,993 Michael Fields Suite 237,Johnland,Illinois,26288,21.152419,-6.186928
Deborah Bennett,19,9749 Morales Flats Suite 742,Houstonstad,Illinois,72573,166.851353,65.2630565
Gerald Norris,55,2969 Zachary Ranch Apt. 221,New Jackchester,Minnesota,15167,-28.037731,-31.6797945
Jasmine Fischer,29,467 Sherry Lock Suite 078,Port Michaelchester,Kansas,06111,53.908295,-11.7800075
John Jones,59,62908 Warner Manors,Norriston,Maine,93728,3.684721,-14.6449875
Marcus Phillips,33,5738 Hodges Coves,Lake Timothy,Florida,26327,-118.666386,-48.968332
Mike Reyes,72,12539 Tran Stravenue Apt. 796,Mayerhaven,Louisiana,87056,-136.414220,88.544224
Kristen Frank,76,1565 Harrison Cliffs Suite 894,Port Tiffany,New Jersey,39494,159.501539,17.4207865
Nicole Thornton,40,654 Scott Flats Apt. 024,Griffinfurt,Washington,09598,-148.202221,-68.600123
Jose Dudley,47,91744 Melissa Spur Apt. 736,West Paul,Maine,78033,-16.725294,83.6098265
Donna Ford,18,18173 Donna Flat Apt. 836,Lake Blake,Nebraska,35852,148.619641,35.386722
Lance Rodriguez,68,7381 Romero Freeway,Port Carolynchester,Virginia,55658,-85.039866,-20.4665145
Valerie Allison,61,875 Nicole Viaduct Apt. 927,Alexahaven,New Mexico,77754,-54.722647,-11.1678995
Richard Ferguson,75,595 Jeff Tunnel,East Matthewtown,Kansas,13449,-121.971776,59.907765
Kevin Moore,46,415 Linda Curve,Port Kevinhaven,Connecticut,08307,63.458208,-36.9036735
Christopher Rivera,77,24742 James Neck,South Nicole,North Dakota,91360,167.177163,-40.1780805
Matthew Owen,74,113 Samuel Path Suite 549,Kellyland,South Carolina,46182,49.478149,-61.607350
Nicole Martin,45,399 William Shore,Robertstad,Connecticut,83403,-145.297789,68.998519
Joshua Reed,59,0278 Erica Trafficway Apt. 147,Coffeyborough,New Jersey,23785,-131.946901,15.2228155
Frank Hoover,28,27041 Robert Knolls Suite 869,Lake Stephanietown,North Carolina,56844,-112.496425,27.212270
Catherine Valdez,61,888 John Isle Apt. 831,New Sarahshire,Louisiana,78243,143.666881,-34.292093
David Kelly,28,08433 Kristina Center Apt. 712,South Michael,Maine,16431,159.209232,-24.3061735
Morgan Henry,20,20555 Stephanie Forks Suite 124,Jamesland,Wyoming,22863,-136.012257,-17.696654
Adam Harris,39,828 John Terrace,Josetown,Maine,25983,178.548705,-32.1376195
Zachary Lawrence,48,375 Stevens Drives Suite 341,East Brendaberg,Rhode Island,06577,149.987003,9.365843
Sean Berg,75,901 Kelly Lights Apt. 329,New Christine,Louisiana,26749,-146.978819,23.3051045
Eric Moss,50,0765 White Coves,East Nathan,Maryland,24449,-27.441530,-19.6258825
Stephanie Burns,32,4297 Becker Lodge Suite 648,South Cynthia,Minnesota,35447,-49.650627,-25.403606
Maria Harper,44,931 Richardson Springs Apt. 431,Lake Jennachester,Massachusetts,31387,73.112257,21.253378
Jamie Mcguire,25,76119 Johnny Harbors Suite 792,Maloneland,Kansas,43765,-80.022018,-26.7430115
Kimberly Oneal,78,848 Nancy Freeway Apt. 131,Debramouth,North Carolina,09740,74.892586,-55.0165085
Christopher Griffith,71,149 Kimberly Mount Suite 738,Hayesstad,Iowa,32097,-44.710569,-44.4804325
Melinda Henson,64,19829 Hoffman View,New Laurafurt,Georgia,82572,36.482597,13.9433125
Robert Martinez,25,9314 Lowery Bridge,New Megan,Florida,44183,72.374830,-9.0919775
Joseph Torres,49,0442 James Mount Apt. 600,New John,New Mexico,39817,-74.983526,77.038536
Ellen Heath,50,14723 Nicholson Walks Suite 682,South Dawn,Louisiana,45241,49.045340,48.840220
Bryan Carroll,69,868 Harold Radial Suite 548,West Angela,Louisiana,12300,-145.759489,-17.2590365
Debra Finley,66,3781 Raymond Fields,Gregoryborough,New Jersey,26817,-17.001802,-44.331202
Melissa Lee,72,380 Brown Station Apt. 509,Grayview,Wisconsin,69721,127.896852,6.9770375
Gabrielle Davenport,38,696 Santana Skyway Apt. 055,East Abigailberg,Indiana,36349,40.521123,42.107933
Johnny Wong,23,00976 Cannon Spring Suite 098,Freemanmouth,Oklahoma,33414,-93.294937,12.208446
Timothy Salazar,77,86360 Martin Village,North Sonya,Kentucky,52740,-38.608769,-80.848519
Jessica Webster,68,8743 Martinez Forges,Mortonfort,Rhode Island,04989,35.349113,50.9877465
Jason Dorsey,28,1849 Jasmine Rue Apt. 002,East Josephland,Mississippi,36748,104.673866,59.680470
Janet Caldwell,41,9112 Sandoval Oval Apt. 570,Josephmouth,Virginia,42454,128.026169,80.1787225
Dr. Judy Chapman,55,63712 Nicole Islands,East Eric,Rhode Island,77675,72.450231,48.026674
David Smith,72,203 Corey Burg,South Vanessa,New Jersey,82324,-122.208016,-19.995977
Mary Howard,48,765 Chang Tunnel,Dawntown,Vermont,30637,25.945601,82.4215495
Rebecca Guerrero,65,88203 Caroline Lane Apt. 173,Reneeview,Oregon,33236,-36.090483,6.208274
Michelle Arnold,40,094 Tara Park Suite 197,New Lisa,Washington,61230,-85.066615,-12.7075575
Mason Brown,23,30005 Oliver Keys,Spencerfurt,Mississippi,66506,4.315087,28.820351
Leslie Lee,18,0321 Hernandez Locks Suite 656,Paulaberg,Montana,82168,155.788588,-10.7370345
Cole Conner,40,8219 Donald Cape,West Robert,New Jersey,78068,-150.861507,-42.720594
David Lane,69,581 Allen Radial,Hobbsfurt,Virginia,68344,55.141591,-89.2193095
Lisa Mercado DVM,43,116 Estrada Drive,North Stephaniehaven,Virginia,25839,-108.774242,22.7954215
Nicholas Romero,29,12456 Steve Valley Apt. 233,Nortonside,Oregon,03709,140.517261,34.2517965
Sandra Johnston,44,018 Jared Green,Harryburgh,Michigan,34516,174.686170,-23.322637
Sharon Garcia,34,51625 Chase Mission,Matthewbury,Pennsylvania,40999,9.016318,-74.580103
Elizabeth Reyes,33,48217 Nguyen Loaf,Conleymouth,West Virginia,81477,-145.736599,-52.9815175
Thomas Meadows,42,16505 Lisa Hills,South Curtismouth,Montana,75093,175.456597,83.647018
Austin Rose,27,890 Rhonda Dam,East Jennifer,Montana,95040,-16.119293,31.1261265
Brian Flores,72,70207 Jasmine Mill,North Sarafort,North Dakota,66564,154.153162,64.7467345
Jessica Jones,60,9612 Jessica Shores,Jennifertown,Vermont,58927,-73.318997,79.7446875
William Richardson,54,45006 Jones Creek,South Madeline,Kentucky,41811,-30.077922,-76.167943
Tracy Davis,43,3301 Brett Underpass,Lake Heatherburgh,Nevada,78344,-52.967844,-17.290674
Angela Hamilton,55,90253 Dunn Springs Suite 978,Lake Donaldtown,Michigan,99733,89.246782,23.124042
Andrea Young,19,6578 Jeremy Spring Apt. 565,New Donnaton,Louisiana,72167,-102.882994,-70.421913
Eric Armstrong,29,1997 Sheila Ridges Apt. 421,New Thomasburgh,Nevada,77408,-134.118503,54.765490
Dustin Martinez,30,81484 Kendra Locks Suite 320,Lake Davefort,Alaska,35500,-31.296832,-36.116554
Leslie Adams,67,0584 James Via Apt. 082,West Devinland,Montana,66585,-33.191554,-56.7362365
Joseph Freeman,73,3420 William Mountains,South Alexandramouth,Minnesota,27484,-72.391787,29.288543
Angela Herrera,76,6116 Bailey Coves,Port Philipstad,Idaho,92123,-7.455023,76.5836015
Carol Wagner DDS,60,9264 Michael Lane,East Cindyfort,Oklahoma,42781,-38.251259,-69.9948415
Wendy Hayden,72,6861 Jennifer Ridges,Jensenhaven,Indiana,76489,125.436167,-39.6331405
Tracy Edwards,28,9869 Frazier Mountains Apt. 867,Rogerville,Nevada,46703,132.020524,17.7117655
Riley Compton,49,76373 Chandler Junction Suite 607,Port Donna,Texas,52323,-147.781099,-30.526885
Jason Schultz,43,81857 Tiffany Islands Apt. 001,Rosalesstad,New Jersey,47068,96.543367,-9.031578
Erin Schroeder,48,03610 James Falls Suite 511,North Tracy,Colorado,93139,-163.815232,-87.0332285
Cynthia Lee,58,23094 Jennifer Lodge Apt. 874,Lynnfurt,Arkansas,33611,77.242036,-55.3461395
Sheila Williams,37,3100 Leon Cove Suite 399,Lyonsville,Ohio,73672,-136.365437,79.0637205
Ruben Neal,63,641 Barton Radial Apt. 549,Anitastad,Kentucky,35532,122.336599,-68.4720935
Lawrence Harrington,22,67097 Short View Suite 515,Suzanneport,Mississippi,95974,-92.566741,-27.5881855
Denise Diaz,32,98522 Randall Viaduct,North Jodihaven,South Dakota,29665,137.025257,11.010473
Michelle Wong,59,1100 Johnson Shoals,Briggsstad,Mississippi,45334,102.070319,17.0049705
Richard Miller,24,29648 Chase Circles Suite 836,East Tonya,Michigan,64781,98.003265,83.0228825
Samantha Gray,36,81215 Marc Mountains Suite 363,Nicholasmouth,Maryland,48101,10.910862,66.395350
Stephen Copeland,43,082 Destiny Curve Apt. 279,Jameschester,Virginia,68139,170.737705,50.6569055
Thomas Lucero,71,755 Maria Rapids,North Jamesland,Arizona,69880,-159.250042,7.1209835
Shannon Simmons,24,41106 Patrick Road,Guerrerochester,Mississippi,26267,110.434509,-10.233029
Shawn Smith,77,52518 Wood Row,Lake Bryan,Georgia,77965,137.993340,-0.8961925
Mikayla Smith,63,92314 Jill Passage,Port Kimberlyhaven,Colorado,21572,-88.315684,-52.801780
Kimberly Luna,57,98912 Lewis Place Suite 556,North Benjamin,Arizona,25654,-139.454182,-55.114065
Timothy Watts,26,291 Nash Circles,New Manuel,Illinois,72195,38.372388,39.301777
Matthew Henderson,34,10971 Monica Court Suite 776,East Brandy,Maine,86464,24.403128,59.448371
Stephen Love,55,95413 Melissa Keys,Port Josephbury,Utah,40626,-147.199451,-34.5406415
Barbara Richmond,72,36923 Nathaniel Inlet,Lake Tyler,Idaho,44808,133.585798,-68.107064
Lisa Crane,57,41467 Bond Cove Suite 253,East Gregoryfurt,Indiana,62995,-72.815900,-52.784124
Angel Pena,33,308 Andrea Throughway Apt. 433,New Richard,Maine,02949,-140.919226,46.408080
Teresa Levy,79,8513 Joseph Islands,West Donnaview,Alaska,02533,-108.351573,81.5825895
Benjamin Castaneda,27,54726 Miller Tunnel,East Denniston,Mississippi,92388,-71.424519,-33.6907865
Molly Schroeder,44,9355 Anderson Crescent,South Brittney,Montana,25389,117.959405,-80.806643
Courtney Carr,18,4753 Lopez Knoll Suite 477,Kaylastad,Maryland,55878,30.749607,-62.1493035
Katherine Johnson,71,5395 Richards Cliffs Suite 864,Elizabethport,Louisiana,37015,121.660010,-27.2028275
James Green,41,6657 Morrison Forest Suite 093,New Erichaven,Oklahoma,89581,-99.465971,74.192909
John Lee,41,0108 Carlson Center Suite 294,Torreshaven,Tennessee,21873,-164.955343,-39.198395
Kimberly Kennedy,56,01840 Burns Freeway,Lisaport,Kansas,97478,-50.536483,-53.0760985
Kimberly Johnson,76,3509 Colon Ramp,New Maryfort,Vermont,36300,-10.655946,57.466347
Mitchell Stone,32,0434 Thomas Wells,Karishire,Utah,35350,80.342149,-46.107005
Isaiah Knight,28,74422 Holt Circles,Lopezborough,Florida,01002,164.088878,26.0449525
Curtis Boyle,79,57146 Michael Creek,Blackmouth,New Hampshire,90565,95.135724,41.925903
Richard Moore,71,922 Avila Walk,Laurenberg,Rhode Island,07890,-113.451353,-31.9060065
Gregory Rodriguez,36,6162 Pittman Crescent,Port Emily,Idaho,72053,142.444716,15.2475205
Lucas Moreno,43,16784 Christopher Isle,Juliehaven,Michigan,39640,150.033780,10.7872075
Thomas Wallace,50,888 Jaclyn Harbor Apt. 646,Lake Michelle,Texas,91985,-156.638622,66.247052
Adriana Baker,67,3713 Lisa Fork,New Michaelport,Arkansas,61679,144.947417,80.580595
Sara Martin,39,7702 Kirby Ford,East Jennychester,California,36561,21.493330,24.939399
Joyce Fry,26,0329 Curtis Creek,West Danielborough,New York,29739,-132.263014,-62.9288875
Karen Harris,37,712 Juan Causeway,Port Brettborough,Maine,12173,7.907393,35.6794915
Christina White,26,7512 Diaz Meadow,South Jeremy,Tennessee,86426,-13.887800,18.8906785
Randall Ellis,47,78769 Gary Divide,Whitefort,Montana,96690,74.860447,34.7402415
William Monroe DVM,27,030 Michele Groves Apt. 594,Thomasland,Indiana,77379,49.205086,-57.9769195
Tammy Lewis,58,4295 Diaz Ports,Dawnmouth,Colorado,10830,-35.466149,29.310666
Dylan Walker,64,9580 Wilson Burgs Apt. 300,West David,Oklahoma,61752,32.954753,-49.6059655
Martha Perry,55,221 Snow Circles Apt. 615,West Robertfort,Ohio,42899,124.528326,56.6656175
Angela Clark,19,792 Palmer Pike Suite 805,Mcintoshmouth,Rhode Island,60944,-60.579586,47.783781
Misty Humphrey,22,7142 Clements Summit Apt. 732,Vasquezport,Pennsylvania,05237,-11.988409,13.4293955
Bobby Cantu,30,4384 Garcia Roads Apt. 197,New Gary,Rhode Island,90027,170.484329,32.996351
Michelle Dean,21,346 Robin Junctions Suite 438,Lake Nicole,Minnesota,90829,74.048697,-63.050643
Christopher Walsh,40,84700 Henry Inlet Suite 807,Lake Catherine,Nebraska,52099,-155.560556,-59.632247
Lynn Kirby,67,304 Luis Mission Apt. 620,Gillmouth,North Dakota,31044,92.518187,-34.3720465
Cassandra Mayo,68,50324 Aaron Fords,Loriton,Pennsylvania,22552,8.919831,-63.9760265
Yvonne Vargas,72,8296 Henderson Trafficway Apt. 679,Port Javierton,Colorado,21216,-152.940794,48.0631315
Pamela Smith,20,874 Christopher Via,Brownborough,Georgia,24112,36.038472,-48.704650
Madeline Walters,53,13848 Jesus Divide,Mooreland,Rhode Island,98931,-95.228076,45.1236925
Mario Richards,53,9685 Smith Shore,Robinmouth,North Dakota,83347,-42.743650,49.432273
John Jackson DDS,27,136 Jamie Mission,Tinahaven,Tennessee,38877,154.985396,39.0026725
Jeffrey Davis,46,388 Foster Street,Christopherbury,New Mexico,92251,-132.216247,74.6648575
Timothy Dickson,66,8491 Simmons Plains Apt. 362,Tammyton,Nebraska,94364,138.882306,-9.8269965
Paula Chase,65,29581 Gregory Radial,Edwardside,California,19670,-43.065211,0.596289
Elizabeth Watkins,24,211 Mike Lakes,New Tammystad,Arizona,08333,-35.012348,-25.305825
Lisa Little,36,179 Hodges Port Apt. 992,East Ashley,Kansas,23744,-57.566662,7.290677
Mr. Alex Daniels,79,9258 Ricky Causeway Suite 043,Ricardoside,Alabama,19757,79.859717,27.4796995
Michael Torres,25,3877 Steven Grove,North Dennisborough,Wisconsin,07132,-172.585084,13.7548715
Dale Bean,63,2849 Morris Heights Suite 454,Bellfort,Hawaii,66635,-10.032445,-18.9756545
Brandon Garcia,57,261 Jennifer Glens Apt. 099,New Thomas,Maryland,87216,163.594467,9.544974
John Hill,56,391 Wilson Views Suite 759,Debrashire,Kansas,47539,-162.027617,67.7468435
Robin Kidd,79,515 Jonathan Stream,Beckychester,Delaware,48537,121.391250,55.8142605
Tracy Matthews,53,3333 Ward Flats Apt. 029,West Matthewbury,Minnesota,76327,24.738832,76.9773665
Diana Rice,80,7329 Davis Fort Apt. 637,Lake Peterfurt,Ohio,30175,-32.225378,-28.235628
Lauren Ramsey,27,7007 Silva Via Suite 836,New Timothymouth,Wisconsin,78098,44.638111,-10.1534135
Erika Wu,78,593 Benson Cliff Apt. 640,Parkerstad,California,34652,50.345536,82.906153
Jennifer Lopez,18,798 Thompson Club Apt. 120,Walkerhaven,Nebraska,50973,73.047521,-45.783697
Kevin Jackson,24,811 Amy Views Apt. 197,Port Jenniferberg,Rhode Island,35608,159.501052,59.6951935
Allison Morton,79,21427 Stevens Parkway,North Tinabury,California,01506,103.842743,12.483628
Jeffrey Ball,18,91358 Timothy Drives,North Amandabury,Kansas,60448,-146.070521,-61.5065945
Sarah Spencer,72,807 Steven Brook,East Bethburgh,Kentucky,71994,89.953503,11.006614
Randy Santos,23,9359 Latasha Ridges,South Sabrinastad,Indiana,30269,126.058294,-86.1471215
Megan Wong,45,131 Welch Harbors Suite 071,Kevinberg,Missouri,10721,70.489584,15.451945
Vincent Miller,75,7513 Reeves Underpass Suite 893,Samanthafurt,Missouri,53221,-98.786599,42.920470
Joshua Melton,52,020 Berger Crossing Apt. 569,West Frankmouth,Hawaii,61832,101.066567,8.6348555
Victoria Williams,51,78609 Mary Vista Apt. 272,Fowlerport,Wisconsin,33000,41.288457,9.585451
Deborah Lewis,74,620 Rivera Center Suite 190,West Taramouth,Maryland,33657,59.122911,68.1209385
Lance Jacobs,48,6078 Combs Loop,Kelleyside,Hawaii,87573,-93.834354,45.9776465
Brandon Schneider,38,47056 Morgan Light Suite 941,Torresborough,Alaska,86110,160.500079,-25.449640
Mary Ortiz,66,9791 Casey Run Suite 471,East Sheilaborough,Vermont,08336,-149.232744,-15.862920
Melissa Ramirez,26,7408 Matthew Path Apt. 550,South Brian,New Mexico,82379,-147.717623,-0.4102285
John Brooks,77,989 Becky Grove Suite 669,West Matthew,South Carolina,36067,-117.311220,30.0791355
Catherine Taylor,80,07745 Lori Falls Suite 904,Morganton,South Dakota,17279,122.514672,-83.220530
Nicholas Garcia,54,532 Tammy Pass Suite 760,Molinaland,Pennsylvania,91864,-87.945449,88.8273575
Chelsea Elliott,44,98789 Ramirez Cliff Apt. 358,Lake Toddhaven,Tennessee,37017,53.763738,21.050090
Darren Brennan,48,10521 Schneider Meadows,East Kathleen,Florida,05267,-103.868297,11.5996485
Ricky Mason,18,0007 Brown Extension,Port Stephanie,Georgia,08248,168.551269,-22.7135405
Douglas Smith,28,14773 Hatfield Ports,West Joelborough,Arizona,70139,166.315718,2.723716
Philip Shannon,49,5336 Joshua Forges Suite 304,Eugeneberg,Arizona,70990,-132.034515,82.407298
Patricia Marshall,46,24867 Hansen Extensions Apt. 923,South Dawn,New Hampshire,63306,15.591314,-55.228666
Lisa Hernandez,60,623 Diana Union,North Malloryberg,Texas,16503,128.289244,-85.765453
Alan Charles,57,32188 David Burgs,Port Monique,New Jersey,74706,-7.101548,-48.799678
Brandon Winters,31,9244 Brown Mountains,Port Marcmouth,Texas,93251,114.917212,24.9979735
Colleen Grimes,23,841 James Pass Apt. 537,Margaretshire,Connecticut,16912,55.192840,-29.3710845
Curtis Myers,38,0942 Michael Track Suite 096,Kellystad,Indiana,83882,-120.134593,-45.1955295
Lauren Bennett,66,326 Zhang Oval,West Phyllis,Iowa,15723,53.700192,-55.294311
Michael Ruiz,27,99230 Sean Shoal Suite 144,West Rebeccaview,Kentucky,28804,-93.626835,-55.4135545
Erin Page,50,41868 Cabrera Unions,Jacksonshire,Wyoming,54557,81.393455,40.593324
Jeffrey Johnson,57,150 Cabrera Mews Suite 051,East Michaelmouth,Ohio,68815,-172.311849,-34.063964
Eric Hinton,42,316 Nicholas Squares,West Jamieview,Colorado,65790,52.529714,-87.4052675
Ryan Lee,72,723 Billy Loop Apt. 530,Jeffbury,Pennsylvania,59967,-89.295280,16.0388855
Daniel Fischer,44,98235 Mary Stream Suite 731,South Erikaton,Illinois,00795,-58.875434,55.021099
Sara Vance,20,3523 Proctor Corner,Samanthamouth,Maine,18925,150.242812,-46.3796165
David Lee,73,9516 Debra Crossroad Apt. 811,Michaelbury,Florida,50871,-43.958435,18.6540875
Christopher Orozco,22,63245 Roberts Fork,Port Timothyborough,Missouri,90189,-163.038368,37.095241
Matthew Wallace,55,704 Watson Corner,East Elizabethfurt,Michigan,59581,-24.747229,10.1280525
Rhonda Krueger,75,91214 Young Plaza Apt. 587,East Brandonside,Nebraska,03896,-63.380890,28.2350005
Kevin Reilly,77,3306 Watkins Shores Suite 513,Joefurt,Utah,16678,-99.315827,84.140538
Luis Wagner,24,63518 Mason Flat Suite 032,East Christopher,Iowa,98613,143.513218,-67.969499
Mark Allen,57,00107 Leah Cliff Apt. 132,Lake Keith,Georgia,17964,140.178901,78.5556825
Anthony Gregory,31,759 Tracey Plain,Evansstad,New Jersey,26968,175.087597,-74.0869235
Erika Lee,76,1428 Nicole Mission,Washingtonside,Arkansas,29498,96.485883,-67.5642295
Ashley Bentley MD,69,398 Walsh Mountains Apt. 064,South Krystal,Texas,69776,173.620934,-36.3917025
Steven Hopkins,52,9118 Eddie Skyway Apt. 548,Hunterburgh,Maryland,09747,123.665227,64.185313
Jacqueline Allen,32,688 Jennifer Hill Apt. 974,North Laurabury,Illinois,76408,157.874184,61.137911
Christie Jackson,49,18460 Roger Hills,Walkerbury,Ohio,14146,134.515150,-25.2280165
Robert Collins,44,615 Alvarado Valleys,Jessicamouth,Hawaii,19631,34.909129,-6.355677
Kristin Tyler,31,2218 Amanda Plaza,Lake Meghanfort,Alabama,95504,123.990676,-80.2768035
Jessica Bruce,64,970 Stephen Brook,Gatesberg,Georgia,28474,-67.324169,83.7225465
Scott Lewis,48,1877 Bell Keys,Christopherborough,Arkansas,60337,-167.457349,80.732763
Jamie Hawkins,22,285 James Stream,Richardtown,New York,75039,63.606578,42.8897685
Rickey Matthews,52,7175 Eric Point,Wilkersonton,North Carolina,91228,-175.511368,-35.272172
Kelly Hale,63,1346 Joshua Dale,Charlesfort,Kansas,48387,109.540350,88.856888
Jonathan Hays,51,72958 Stephanie Road,Benjaminshire,Minnesota,37017,-33.777120,21.118208
Stacey Wong MD,45,8309 James Key,Romerobury,Washington,73673,-132.404073,-5.026806
John Garcia,22,9081 Hayes Burgs,Mcfarlandton,Mississippi,37221,-143.176632,27.760007
Erin Winters,51,82129 Oliver Lakes Apt. 773,Farmerside,Illinois,66923,-141.561223,17.9671155
Dennis Horton,29,869 Katherine Track Suite 103,New Zacharyfort,New Hampshire,44887,17.871513,-67.724298
Natalie Garrett,80,7480 Jason Rapids,Lake Gary,Wisconsin,10376,-60.953243,-71.958669
Carl Taylor,59,15911 Ann Corner Apt. 429,Manningfort,Utah,03095,169.673127,-34.6192205
Marc Jenkins,49,8914 Mary Square,Mistyside,Arizona,98154,62.134147,85.444629
Edward Morris,37,010 Selena Mount Apt. 275,South Jessica,Wyoming,30801,-162.423760,21.529711
Jessica Ingram,57,0488 Angela Village Suite 765,South Lisa,Louisiana,49283,118.433399,-37.8213275
Mike Harris,62,112 Webb Turnpike,East Nicholas,Maine,70969,-102.021378,-41.720817
Madeline Evans,32,1464 Matthew Lock,Lake Angela,Illinois,06015,-116.316728,-5.0527455
Christopher Bates,53,8160 Michael Pines Apt. 419,North Garyhaven,Vermont,59669,166.995180,85.283521
Lauren Wolf,42,78153 Lee Cape,Brendatown,Oklahoma,22243,-157.201892,-37.9717865
John Small,35,410 Jennifer Street Apt. 355,Rogersmouth,Colorado,94739,-152.758470,-53.192328
Danielle Prince,36,04871 Lawrence Island,North Kimton,Rhode Island,26577,-93.647298,67.8597205
Jeremiah Davis,31,85776 Barbara Station Suite 100,South Maryport,Virginia,61117,-58.794233,28.421173
Stacy Jones,37,47175 Mccarthy Tunnel Apt. 906,East Mark,Michigan,61421,125.175021,13.417224
Zachary Smith,27,7809 Michael Greens,South Aaron,Ohio,79690,78.530045,-44.341252
Mr. Eric Sanchez Jr.,61,22796 Wilkerson Dam,West Yolandaland,Hawaii,81482,32.422096,10.0681675
Mary Welch,58,0375 Rodgers Forge Apt. 699,Port Kendrastad,Massachusetts,98340,-85.594520,-41.075688
Bryan Harrison,49,5706 Jennifer Stravenue Apt. 674,New Catherinestad,Utah,35112,-79.520743,-75.555129
Michael Lane,23,233 Ryan View Apt. 035,Lake Nicholashaven,Idaho,58881,-86.146795,85.931803
Oscar Johnson,19,9076 Calderon Flats Suite 980,Port Aprilstad,Florida,77875,-129.791656,70.5916215
Lauren Thomas,39,1093 Christopher Gardens,South Sean,South Carolina,67888,117.180909,-26.8998345
Erica Jackson,79,25406 Elizabeth Isle Apt. 291,East Michelle,South Carolina,35332,-41.927296,-46.1247575
Anthony Perkins,76,67819 Katie Brook,Maryside,Rhode Island,16240,156.921474,-42.7197585
Kelli Lyons,21,01492 Floyd Fall Suite 691,Michaelville,Connecticut,49213,95.853617,68.8267725
Anthony Nichols,64,14355 David Fort Suite 941,Lake James,Wyoming,67300,166.291416,-62.157957
Amy Smith,72,696 Rivera Harbors,Pollardberg,Vermont,57209,107.876098,31.4433655
Madeline Wallace,37,5300 Montgomery Parkway,Santiagoton,Kansas,13902,5.589751,62.2196755
Shelly Tyler,56,010 Wendy Court,Allenview,Arkansas,64246,-59.381739,12.8828845
Brittany Montoya,55,677 Robyn Viaduct Apt. 898,Tracystad,California,70433,-164.702528,50.7661175
Tiffany Long,38,316 Rachel Way,Lake William,Nebraska,15983,57.348495,-37.5268485
Todd Garrison,41,1197 Ryan Parkways Suite 056,Lake Deborah,Kansas,10996,-110.665778,-64.643445
Mary Acosta,45,756 Sandra Grove Apt. 951,West Adamton,Utah,42509,98.736058,89.520159
Douglas Harper,49,90541 Robinson Plains Suite 414,Greentown,Arkansas,07490,-131.831665,79.0707635
Brent Adams,52,725 Camacho Valley Suite 672,East Dylanfurt,South Dakota,44797,-6.538914,-80.446276
Brandon White,60,946 Jessica Road Apt. 512,Mccormickmouth,Oregon,90753,-124.964628,80.764501
Kevin Jones,69,98136 Shannon Rapids Apt. 486,Markland,Texas,76966,119.339799,45.1184535
Allen Smith,78,062 Simmons Rest Suite 049,North Travis,New York,02132,-167.454682,86.048516
Dawn Banks,34,353 Duran Crossing,Saraport,Tennessee,23276,-179.274076,-16.955929
Monique Burns,72,835 Jacqueline Track Suite 409,Port Richardborough,Illinois,55411,141.227839,-89.922853
Veronica Flynn,31,113 Heidi Ferry Apt. 169,West Melissa,North Carolina,21787,-130.596167,-25.724336
Stefanie Smith,19,1195 Weber Garden Apt. 049,South Michaelton,Florida,16262,113.818119,86.102295
Lisa Golden,60,7402 Rojas Gateway,Ortizland,Iowa,49246,105.603278,-74.6383375
Lauren Walter,21,6554 Perez Cliff,Grayhaven,Arizona,04999,-141.174052,-54.526147
Ashley Juarez,55,62570 Carney Keys,New Christine,Maryland,44729,-67.778531,-80.2442115
Dr. Rebecca Watson DVM,31,1606 Jessica Forge Apt. 057,Sandrahaven,Delaware,84203,-158.388455,-8.8107425
Aaron Jensen,35,195 Anthony Prairie,Harveyfurt,South Dakota,76286,-159.263336,-28.9729925
Richard Miller,71,55272 Barbara Ville Apt. 732,Ramosborough,New Hampshire,78418,52.079239,-48.3896175
Tony Wells,71,831 Miller Villages,Ramirezport,Ohio,88079,178.843837,-60.0628775
Andrew Mendoza,51,06618 Vega Gateway Apt. 824,Lake Vincentburgh,Louisiana,82957,-124.674498,-43.570568
Gina Larson,28,1842 Ashlee Unions Apt. 743,Carmenchester,New Jersey,55340,154.463792,1.284510
Robert Mcintyre,39,27531 Davis Path Apt. 115,New Monique,Utah,45549,-42.412457,18.1087705
Krista Taylor,62,562 Wilson Run,Williammouth,Kentucky,49124,-166.782195,50.1609305
Joshua Sims,28,891 Jeremy Stravenue,South Dennis,Maryland,38308,36.588742,-0.3333335
Dawn Smith,42,972 Caldwell Coves,Ethanland,Pennsylvania,45292,-64.279576,-57.030091
Lisa Heath,37,878 Andrea Plains,West Shelby,Kentucky,67529,-133.408480,13.1610985
Joyce Barker,75,62782 Earl Plain,New Deniseburgh,Rhode Island,58680,79.393269,-55.6766745
Maria Walker,19,81487 Williams Wall Apt. 154,Whitetown,Maine,75169,-159.220792,-5.069698
John Bailey,50,2951 Luna Forest,North Jonathan,Iowa,87306,33.331676,17.2310435
Jason Dorsey,40,92336 Davis Shoal,Smithstad,Texas,23558,58.351718,52.6268905
Katelyn Terrell,49,6287 Matthew Lane,West Craig,Montana,53746,-170.117410,-68.2548845
Rebecca Williams,55,085 Dominique Inlet,Dustinmouth,New Hampshire,27780,-70.136453,52.7124525
Diana Gonzalez,74,873 Lisa Plains,New Thomas,Texas,12556,50.836341,2.107311
Carla Butler,29,588 Mccoy Stravenue Apt. 711,South Barbaraside,California,41572,-165.490864,-13.5835045
Ashley Walker,36,73552 Nicholas Run Apt. 748,Bakerchester,Delaware,15437,18.581411,39.5880775
Jean Bowen,35,864 Adam Stravenue,North Matthew,South Carolina,65683,-74.836300,-32.0201115
Robert Ramsey,67,619 Morrison Well,North Janice,Arkansas,12332,-144.836477,-50.8889195
Curtis Contreras,50,23953 Martinez Hollow Suite 214,Port Deborah,Michigan,28116,-87.064890,54.4450635
Dr. Allison Collins,44,145 Peter Trail Apt. 203,Cruzshire,Arkansas,10257,19.188462,7.515888
David Davis,58,7230 Ronald Mall Apt. 701,Stephaniemouth,North Dakota,61807,-104.507861,-77.845925
Clinton Bray,56,32460 Daniel Point,Lake John,Utah,24261,-105.214462,70.765774
Roy Elliott,33,61138 Chad Groves,New Kaitlynshire,Alaska,37653,50.418417,50.726727
Wesley Richardson,78,3825 Davis Walks,Williamsburgh,Indiana,42487,-176.232572,-34.8452105
Brenda Jensen,24,1320 Anna Freeway Apt. 527,North Jacqueline,Oregon,52751,-175.279303,-86.797108
Ryan Spencer,46,855 Elizabeth Mountains,Lisahaven,Montana,85543,168.652621,50.3356435
Jamie Lee,38,30521 Becker Spurs,Port Michellemouth,Georgia,08661,-151.976049,-27.8379365
Keith Davis,39,59257 Noah Underpass,New Jonathan,Nebraska,71246,152.601374,6.5953285
Sharon Williams,75,84451 Mills Ridge,Laurenport,South Dakota,11498,26.204633,-51.250175
Steven Walker,76,5180 Alexis Knoll,New Teresaborough,Missouri,38361,82.309695,-17.127566
Robert Strickland,28,533 Wagner Lake Suite 712,Elizabethmouth,Delaware,16397,65.492727,-14.172056
Mrs. Alexis Drake DVM,66,357 Judy Orchard Suite 530,Christopherfurt,New Mexico,17859,130.458918,-61.3597935
Holly Allen,36,94810 Walker Summit Apt. 768,North Candacestad,South Carolina,22281,174.416989,-3.748686
Tiffany Lindsey,46,7198 Holly Manor,Lake Sharonmouth,Oklahoma,38076,-70.149042,75.1844285
Marie Delacruz,43,5560 James Haven Apt. 011,North Williamside,Maryland,59334,38.191295,-40.2500295
Kayla Nash,75,685 Allen Mountain,Reyesstad,Alabama,71534,-16.055573,42.5212775
Erin Ray,45,231 Nancy Loaf Apt. 799,South Kenneth,Vermont,09867,8.630770,-35.1392305
Adam Mccarty,36,5661 Mcbride Prairie Apt. 640,West Jessicatown,Illinois,34033,-173.870618,-88.388481
Carl Nelson,77,428 Gillespie Stream Suite 520,Woodfort,Wyoming,51905,-176.851799,13.697889
Leslie York,61,79070 Simpson Trail Suite 654,Kristaview,Kansas,30147,6.191932,63.6393055
Jeffrey Gonzales,56,6127 Kristina Station Apt. 633,Lake Lisahaven,Pennsylvania,41412,-128.856920,-61.794582
Alison Nelson,18,111 Diane Flat Apt. 708,East Davidfurt,Louisiana,92398,-57.442732,-26.2660635
Heidi Gonzalez,68,7405 Angie Burgs Suite 998,Lake Diane,Arkansas,60928,-16.288339,69.9149385
Suzanne Wong,50,70609 Richardson Throughway Apt. 384,East Victorville,Georgia,40332,-139.426809,-64.5535775
Mrs. Kristen Smith,23,8332 Tammy Station Apt. 136,West William,Tennessee,90109,109.128625,-75.759464
Alexis Carlson,77,069 Weber Heights,Caitlynside,Maryland,27604,-36.790507,74.239313
Denise Newton,25,43892 Howe Roads,North Shelia,Florida,85387,64.541425,61.2379775
Melissa Johnson,25,280 Kent Summit,North Jennifer,Louisiana,12167,-142.174320,-45.3394075
Jasmine Nelson,51,582 Silva River,West Edwardshire,Virginia,32037,151.350578,-72.0353705
Shirley Lane,32,125 Jeffrey Mountain,West Sandrafort,Nebraska,90612,51.221636,-29.066195
Robert Odonnell,19,45482 James Tunnel Suite 340,Angelastad,Kansas,30588,-120.469375,69.696562
Dan Castro,39,60016 Jeff Vista Apt. 290,Port Nicolemouth,South Dakota,35392,-13.801590,-61.5695595
Lance Mejia,18,8422 Andrea Extensions Suite 896,Laurafurt,Nebraska,34198,-45.404515,26.418274
Gloria Baker,25,5364 Baker Fort,Josephstad,Wisconsin,46144,-105.088368,-40.841242
Austin Edwards,56,6357 Bautista Haven,New Larrymouth,Utah,67424,75.905163,-25.0875905
Kyle Juarez,77,5741 Carter Rest,Danielview,New Mexico,05319,106.645969,8.880665
Michael Marshall,71,0440 Stephens Trail,Port Sara,South Dakota,73955,153.733706,4.618654
Valerie Fleming,41,7078 King Light,Lake Geraldfort,Georgia,68761,74.566709,15.7490015
Adrienne Henry,27,12723 Garrett Flat,Rivaston,Arkansas,98398,44.821881,53.3397495
Joshua Sanford,30,225 Michael Green,Mariaborough,Wyoming,98794,-44.165114,-82.882844
Jessica Chapman,78,7892 Dawn Haven,Lake Heidiview,Illinois,64791,-152.083606,65.0946155
Benjamin Ayala,53,186 Jennifer River,Robinsonburgh,Iowa,77277,-22.316996,4.214343
Crystal Marquez,24,56313 Ellis Rapids,New Toddborough,Washington,79974,45.307108,79.2817925
Monica Weeks,54,485 Melanie Brook,Zunigahaven,Minnesota,07775,34.831616,31.5579115
Paul Villarreal,39,13205 Robert Crossing,Aguilarville,Montana,55562,-101.821621,-1.396092
Anna Robertson,57,52712 Roberts Radial Suite 298,East Jacob,Minnesota,43161,99.819677,-27.8018775
Kim Fritz,45,4739 Mccall Key Apt. 484,Desireeburgh,Iowa,97635,-119.936477,24.003253
Maria Whitney,55,8184 Sandra River Apt. 084,Davisfort,South Carolina,64195,-19.022947,41.263186
Mr. James Douglas,51,35734 Moreno Place Apt. 957,Mullinsfurt,Nevada,61104,-85.606842,-52.461722
Mark Cantu,45,24300 Erika Cliff,Kristenmouth,Idaho,60746,11.236674,-81.926287
Michele Hall,35,7054 Campos Cape Apt. 057,Amandaburgh,Oklahoma,86455,-81.396414,30.7152495
Bradley Wood,42,803 Reyes Ports Suite 081,New Catherinestad,Kentucky,69855,-66.760407,89.910802
Christopher Richards,78,034 Lauren Crossing Suite 031,South Michael,Arkansas,58830,50.910219,69.1504245
Lisa Ruiz,78,1980 Anthony Gateway,South Jeffery,Mississippi,95312,-42.385686,-55.652857
Shannon Smith,34,89277 Riddle Road Suite 906,Kevintown,New Mexico,64373,46.623432,79.254996
Jason Murphy,63,464 Samantha Club,Tommyville,Montana,96024,76.717032,-74.4017315
Justin Underwood,38,26505 Deanna Ranch Apt. 375,West Denisehaven,Montana,27023,-31.791911,-21.1271555
Andrea Davis,62,97642 Newman Fall Suite 615,South Wendychester,Michigan,17892,-54.752561,-22.5021155
Lindsey Bentley,26,054 William Shores,Ryanville,Alaska,25376,-39.088786,-66.5124375
Jennifer Stuart,51,317 Phillip Passage Suite 367,Annetteborough,North Carolina,23372,-149.864140,-7.066458
Benjamin Cook,57,86669 Marcus Gardens,South Jeffrey,Kansas,06546,92.407922,-43.4897185
Trevor Bright,33,342 Holmes Curve,Richardberg,Alabama,31886,35.523673,-7.042909
Jamie Adams,60,1626 Ramirez Lock,Oconnellview,Pennsylvania,37486,-104.978952,-72.4045825
Alexandria Montoya,73,19353 Ramos Fields,Mitchellshire,Kansas,49509,94.581505,53.403130
Ronald Phillips,79,621 Green Rest,Allenbury,West Virginia,62479,-70.327150,74.8467965
Mr. James Schneider,31,9310 Brittney Ridge Apt. 111,West Miguelbury,Oklahoma,10595,-106.200146,64.171631
Paul Crawford,78,499 Jones Harbors,Kimberlyville,Hawaii,01792,144.250529,-2.372009
Jocelyn Hull,24,80433 Michael Coves Suite 514,Alishaport,Ohio,68830,-93.509333,3.285894
Jacob Jones,25,4032 Jane Forks Suite 103,Serranoport,Arkansas,92979,-79.281148,38.8129715
James Joyce,58,632 Bryan Shoals Suite 256,West Theresa,Washington,01408,-113.888771,29.3285895
Danny Henson,67,43419 Anthony Mountains,North Allisonshire,Colorado,50308,36.699731,-81.8672835
Daniel Miller,78,0697 Antonio Alley,Nguyentown,Ohio,45881,132.176331,-8.236981
Robert Massey,32,42437 Crystal Flat Suite 011,Dyerbury,North Dakota,05654,-21.473059,-80.830371
Kathleen Holland,46,70414 Victor Springs,North Michelle,Missouri,32070,171.510041,-49.6611385
Mr. Mark Wagner III,78,52823 Vega Fords Suite 632,Larsonberg,Florida,57158,62.185052,-4.6952805
Amanda Gardner,64,692 Mitchell Park Suite 494,South Kimberly,Maine,82744,-167.748060,43.530694
Linda Jones,23,41624 Warren Light,Aaronton,Pennsylvania,72953,-49.642595,-6.5173065
Melissa Davis,47,034 Maria Extension Suite 064,Ericview,Missouri,86094,-179.797656,-28.1502895
Janice Bowen,18,859 Larsen Alley,Hendersonton,Rhode Island,58241,94.476101,-6.7041115
Andrea Sims,56,2483 William Camp Apt. 356,Riveraside,California,35780,-26.595466,-37.619606
Alan Caldwell,38,2785 Sara Ridge,Lake Elizabethfurt,Maine,91324,158.692664,-86.8567365
Luke Mccarthy,31,66724 Angela Forest,South Dana,Indiana,51955,-158.198038,-74.7426725
Isaac Riggs,78,0764 Carr Junctions,Mosleyborough,California,07359,66.372171,70.104334
Alexander Mendez,43,645 Andrea Vista Suite 978,New Brandonton,Oklahoma,29036,-146.454379,7.297448
Alexa Moreno,55,56760 William Viaduct,Lake Marieburgh,South Dakota,51921,-127.822901,81.336621
Janet Hill,37,328 Rebecca Walk Apt. 771,Goodmanmouth,Massachusetts,34775,-65.678687,-71.9123625
Michael Green,61,48909 Hoffman Drives,Lake Brandonburgh,New Hampshire,32323,-138.676308,-13.890863
Kathryn Thompson,80,74938 Lopez Island,Pamelastad,Ohio,58649,124.543478,48.336056
Jason Goodwin,28,137 Moore Trace,West Patriciaport,Idaho,94317,75.466630,-31.051856
Angela Johnson,28,527 Lee Landing Apt. 889,Ayalaborough,California,85482,-127.321928,-41.7866775
Jose Peterson,57,0846 Shea Green,Fletcherfort,New Jersey,78599,-142.495996,-10.553444
Kurt Grant,53,46752 Gonzalez Ford,Nataliemouth,South Carolina,87281,-138.557544,73.757521
Mandy Simmons,31,0301 Peterson Inlet,New Denise,Alabama,45737,-167.600656,-42.1338815
Cheyenne Ford,37,11079 Fuller Isle,Lorettatown,Delaware,32369,-23.537705,-81.004184
Latoya Johnson,68,335 Wesley Locks Apt. 420,Reidside,Maryland,86660,148.978079,-16.846490
Evelyn Warren,66,10693 Cody Turnpike,Marthaburgh,Missouri,92876,111.380420,68.5189525
Evelyn Payne,34,40500 Derek Prairie Apt. 201,Navarroton,Pennsylvania,61135,-138.403272,-20.0213395
Joseph Singh,71,81279 Davis Green Suite 664,Davidshire,Nevada,97934,8.775416,37.002950
Joseph Reese,53,4777 Robert Way,Johntown,Oregon,14763,-84.621934,-16.981562
Mitchell Navarro,44,37368 Rasmussen Forges Suite 089,Deborahchester,Colorado,48602,-161.101336,37.176196
Tammy Martinez,20,84939 Tammy Plaza,Raymondborough,South Carolina,92100,-65.294839,-76.413485
Danielle Gonzalez,38,7528 Katherine Walks Apt. 066,North Dustintown,Montana,86623,102.311317,39.997521
Jeffrey Cunningham,30,131 Melissa Point,South Christophertown,Alaska,23846,-103.334504,0.232394
Tiffany Henderson,65,90525 Moran Club Suite 556,Adamsville,Georgia,38839,-21.930220,9.730819
Matthew Jones,70,7038 Bethany Skyway Apt. 271,New Christopherport,Maine,53991,-31.006615,55.4432615
Steven Vaughn,76,656 Matthew Glen,Lake John,New York,51882,19.718296,-59.633850
Melanie Munoz,59,1812 Rachel Curve,Brandonshire,New Jersey,14020,-149.290782,60.3043475
Bradley Lopez,51,3528 James Ways,Williamsport,Iowa,32233,-76.544600,1.720941
Christopher Medina,63,488 Rogers Route,New Marymouth,Utah,64161,-122.052098,-79.836747
Barbara Hill,58,22703 Sanchez Key,East Michael,Ohio,05342,80.319294,-89.346892
Justin Lambert,60,74575 Chang Ridges Suite 226,Huntborough,New Jersey,98620,113.180638,81.917685
Haley Underwood,57,8768 David Avenue Apt. 026,East Stephen,Indiana,86222,56.274384,-27.348590
Sarah Salinas,49,00047 Misty Cliffs,Port Robinberg,Illinois,94048,-95.710562,-19.297683
Daniel Randolph,55,51414 Robin Coves,Powellhaven,New York,38942,-110.808434,-12.0848195
Eric Hernandez,58,9269 Kayla Cliff Suite 791,Newmanton,Oregon,97237,-50.704226,-64.7198985
Jessica Campbell,79,1720 Michael Courts,West Allenshire,Vermont,83379,25.957751,-64.4826775
Raven Riley,70,349 Lauren Garden,New Michael,Mississippi,33952,-80.666942,-50.570523
Susan Parker,43,59724 Ramirez Forge Apt. 303,New Robertville,Mississippi,57213,-12.745157,14.856361
Jocelyn Yates,26,02680 Smith Throughway,Scottmouth,Alaska,32828,144.174773,27.757809
Anna Ferguson,70,2885 Weber Ferry Apt. 460,West Edwardton,Wyoming,56088,70.460310,19.223146
Jay Mitchell,20,4997 Brittany Brook Apt. 237,Kathleenbury,Kansas,43704,65.989356,7.2764065
Christopher Johnson,56,20887 Tina Drive,North Anna,North Dakota,41154,67.864179,23.635892
Tony Holt,45,5342 Maxwell Prairie,South Saramouth,Alabama,07555,-33.526039,87.3421575
Margaret Hayes,59,42373 Mueller Stream Apt. 210,Roseburgh,Alabama,53936,-22.675485,-83.3828495
Albert Watson,69,26752 Andrea Burg Suite 891,Port Anthonyhaven,Missouri,57927,-49.196944,-10.992057
Kimberly Carr,80,9286 Williams Mountain Suite 629,North Ryan,Wisconsin,09488,134.786768,-71.0902905
Vincent James,36,9562 Graham Roads Apt. 608,North Miguelmouth,Washington,79599,89.646510,-39.6103565
Mrs. Maria Jones,57,370 Sweeney Union,New Franklin,Missouri,84428,97.971937,-69.1504855
Victoria Jensen,43,39362 Rebecca Courts Apt. 801,Sanchezton,New Hampshire,86615,67.546888,-73.408768
Bonnie Parker,29,62559 James Port,Jessicaside,Connecticut,71250,40.725050,76.803242
Nathan Bates,46,49001 House Place,Brianfurt,Kentucky,96208,106.475013,62.387352
Mr. Stephen Frey,45,47182 Matthew Locks Suite 258,Joneshaven,Wisconsin,16683,25.853648,-71.885484
Jeffrey Conner,19,363 Stanley Ferry,Port Janetside,New Jersey,05910,26.813429,-9.126573
Regina Bowen MD,19,9229 Valdez Rapid,Williamburgh,California,31165,176.253251,28.953155
John Kelly,76,5074 Shannon Dam,Lake Chadfort,West Virginia,10956,167.542792,-50.982598
Christopher Knight,55,655 Lopez Oval,North Crystalshire,Iowa,65258,83.970704,16.4919875
Devin Williams,45,9071 Autumn Burgs Suite 550,Baldwinville,West Virginia,82085,-133.138897,-55.096359
Jordan Lee,37,00541 Michael Well Suite 371,Lake Brittany,Louisiana,66395,74.844963,38.497163
Daniel Manning,49,17848 Wilkerson Station Apt. 889,Howellton,Alaska,18686,143.538731,34.163292
Mr. Alan Sanchez,69,943 Olson Locks Suite 711,South Jonathan,Iowa,37895,-109.493339,4.7247655
